PDB,chain_1,residue_1,chain_2,residue_2,Cys1_N,Cys1_HA,Cys1_C,Cys1_CA,Cys1_CB,Cys1_HN,Cys2_N,Cys2_HA,Cys2_C,Cys2_CA,Cys2_CB,Cys2_HN,x1,x2,x3,x2b,x1b,phi,psi,x1.1,phi_x,psi_x,x1b.1,Cys1_before_N,Cys1_before_HA,Cys1_before_C,Cys1_before_CA,Cys1_before_CB,Cys1_before_HN,Cys1_before_phi,Cys1_before_psi,Cys1_before_x1,Cys1_before_residue,Cys1_after_N,Cys1_after_HA,Cys1_after_C,Cys1_after_CA,Cys1_after_CB,Cys1_after_HN,Cys1_after_phi,Cys1_after_psi,Cys1_after_x1,Cys1_after_residue,Cys2_before_N,Cys2_before_HA,Cys2_before_C,Cys2_before_CA,Cys2_before_CB,Cys2_before_HN,Cys2_before_phi,Cys2_before_psi,Cys2_before_x1,Cys2_before_residue,Cys2_after_N,Cys2_after_HA,Cys2_after_C,Cys2_after_CA,Cys2_after_CB,Cys2_after_HN,Cys2_after_phi,Cys2_after_psi,Cys2_after_x2,Cys2_after_residue,Cys1_SS,Cys2_SS
1TOL,A,180,A,155,-2.521,-0.047,1.683,0.28,-3.068,0.612,1.362,0.458,9999,0.679,7.863,0.03,-69.71140219,-48.91508651,107.301946,100.1017736,-177.908413,-56.51,-40.015,-69.711,-136.968,134.612,-177.908,3.368,-0.76,1.804,2.632,-1.761,0.563,-63.839,-44.115,174.975,L,-1.875,-0.334,2.331,3.336,-0.746,-0.461,-66.959,-38.527,-64.034,Q,-2.13,0.799,-1.609,-1.644,3.106,-0.018,-129.32,150.165,-55.309,T,12.952,0.709,-2.036,-0.049,0.858,0.552,-112.746,134.657,-176.676,T,H,E
1F5W,A,120,A,41,8.025,-1.207,-1.786,-2.566,3.523,0.257,4.879,-0.442,-3.892,-0.771,1.486,0.135,177.3792275,-153.8594738,-85.32479771,-178.5052924,-173.9878771,-98.383,120.513,177.379,-151.41,93.412,-173.988,4.016,0.986,-2.51,-2.28,3.479,1.323,-117.256,127.894,-175.397,Q,5.712,0.559,-2.015,-1.222,1.579,0.482,-116.768,120.355,-54.674,K,9999,-0.16,-0.251,-1.584,0.497,9999,-75.889,139.768,19.111,P,5.08,0.772,-1.21,-1.288,1.461,0.193,-107.383,122.465,-50.146,K,E,+
2ALP,A,58,A,42,-2.069,-0.593,-1.442,4.385,4.35,9999,1.483,-0.094,-3.081,-0.33,12.83,9999,-70.15099864,-88.52477625,-88.36204261,-156.8876506,-86.26252452,-70.32,-29.061,-72.203,-147.875,-178.216,-86.401,-1.816,-0.902,-0.131,1.292,-5.655,9999,-68.427,-10.776,79.26,H,-7.032,-1.182,-4.457,-0.342,9999,9999,-166.632,169.299,9999,G,-1.825,0.79,0.043,-1.129,3.333,9999,-121.447,146.713,-61.029,L,-5.525,1.246,-0.953,-0.921,2.252,9999,-120.297,146.667,-57.395,S,G,E
2ALP,A,159,A,137,-0.97,0.637,-0.678,0.423,7.513,9999,2.447,0.426,-3.248,-0.219,8.661,9999,-59.21997322,-88.22554074,102.4875798,-96.63561307,-57.26823791,-123.443,158.563,-56.413,-125.544,164.388,-56.676,7.056,0.356,-0.41,-2.587,2.972,9999,-128.11,145.897,-57.83,Q,-0.532,0.178,-1.257,0.958,9999,9999,-170.016,-148.694,9999,G,3.646,0.492,-4.843,-1.425,3.818,9999,-151.478,152.995,-167.697,V,-5.564,0.771,-2.68,-3.084,-1.225,9999,-142.609,149.603,54.618,R,E,E
2ALP,A,220,A,189,-1.709,-0.292,1.028,1.75,3.109,9999,4.785,0.267,-4.178,0.14,7.216,9999,73.14503135,145.3049058,1.873364685,111.9115895,82.68596697,-78.286,-19.988,-61.232,-82.858,165.131,78.667,0.339,0.697,0.425,-1.535,-1.707,9999,-122.329,23.403,61.955,N,-1.122,-0.08,-0.56,-0.049,9999,9999,-84.329,4.623,9999,G,-3.407,-0.133,-0.537,-0.328,0.367,9999,-79.05,143.519,9999,A,-5.556,0.246,-2.704,-1.13,1.556,9999,-160.602,168.657,53.093,M,S,+
1TPX,A,217,A,182,1.225,-0.318,9999,3.775,0.997,0.959,1.159,0.001,9999,2.604,-0.468,-0.131,-75.84921383,-79.27431671,-83.41406036,-90.74217497,172.226601,-68.884,-36.418,-75.849,-63.111,-39.897,172.227,1.03,-0.196,9999,4.049,1.667,-0.143,-65.289,-35.175,-67.169,M,2.795,-0.627,9999,5.151,-0.348,-0.314,-67.632,-36.235,-70.02,I,-0.986,0.013,9999,2.899,0.31,-0.821,-64.322,-42.605,-161.247,D,3.933,-0.299,9999,3.445,0.062,0.707,-66.257,-49.838,-76.076,V,E,E
1QQY,A,80,A,65,3.834,-0.157,9999,0.008,-3.171,0.204,-6.4,1.093,9999,-3.227,5.786,-0.906,-61.66816395,-55.09240695,97.61555788,87.11391961,50.54762518,-55.673,-33.788,-61.668,-141.776,165.169,50.547,3.018,0.437,9999,-1.433,-1.063,-0.58,-75.627,135.039,-84.869,M,-5.394,-0.65,9999,9999,9999,-0.21,-60.622,-20.19,59.248,S,-4.397,0.388,9999,1.829,2.455,-0.955,-99.634,-31.866,-50.035,W,0.905,0.244,9999,-1.086,2.156,0.191,-92.016,143.435,-75.121,K,G,<
1QQY,A,94,A,76,-0.449,0.335,9999,-0.147,-5.581,-0.133,-4.901,-0.034,9999,-0.497,-0.799,0.681,-174.0926658,49.75131435,84.06536106,174.2320117,-73.39006522,-70.462,-38.754,-174.093,-97.682,-0.579,-73.39,-2.381,-0.571,9999,3.16,-1.252,-0.601,-59.532,-39.373,9999,A,1.506,-0.526,9999,3.544,-1.653,0.293,-61.25,-36.215,9999,A,-1.091,-0.213,9999,3.059,0.384,0.478,-63.188,-19.68,9999,A,1.072,-0.59,9999,-0.058,-2.165,-0.503,49.89,65.524,-72.192,N,H,T
1QQY,A,115,A,30,-2.498,-0.277,9999,-0.524,4.93,-0.782,0.679,0.059,9999,4.75,1.315,0.254,-58.47410671,-79.47546985,-91.94308733,-83.75289475,-175.2869645,-119.191,-43.372,-58.474,-64.837,-37.349,-175.287,-7.207,-0.242,9999,-0.633,0.134,-0.805,-120.699,-8.747,-56.858,H,0.328,-1.009,9999,1.472,-0.531,-1.624,-55.565,-37.309,-176.008,K,-1.463,-0.379,9999,4.102,0.048,0.007,-69.021,-39.439,-60.283,V,-0.599,-0.647,9999,5.331,-2.558,-0.18,-61.498,-43.47,176.588,M,T,H
3B5G,A,91,A,22,-0.772,0.396,-1.409,-2.639,4.422,-0.832,1.476,0.357,-0.872,-0.599,5.706,0.484,59.64594481,164.5931308,65.46545069,126.5651646,173.9066407,-90.679,154.984,59.646,-153.909,106.101,173.907,2.049,0.815,-0.841,-0.813,4.2,1.001,-122.719,132.769,-66.253,Y,0.731,0.468,-2.526,-1.316,3.222,0.085,-151.662,138.582,173.133,Q,3.083,0.859,-1.34,-0.59,2.543,-0.56,-117.713,163.065,79.565,S,4.696,0.31,0.409,0.7,1.732,1.12,-105.155,125.191,-54.347,T,E,E
3B5G,A,91,A,22,-0.772,0.396,-1.409,-2.639,4.422,-0.832,1.476,0.357,-0.872,-0.599,5.706,0.484,59.64594481,164.5931308,65.46545069,126.5651646,173.9066407,-90.679,154.984,59.646,-153.909,106.101,173.907,2.049,0.815,-0.841,-0.813,4.2,1.001,-122.719,132.769,-66.253,Y,0.731,0.468,-2.526,-1.316,3.222,0.085,-151.662,138.582,173.133,Q,3.083,0.859,-1.34,-0.59,2.543,-0.56,-117.713,163.065,79.565,S,4.696,0.31,0.409,0.7,1.732,1.12,-105.155,125.191,-54.347,T,E,E
3B5G,A,91,A,22,-0.772,0.396,-1.409,-2.639,4.422,-0.832,1.476,0.357,-0.872,-0.599,5.706,0.484,59.64594481,164.5931308,65.46545069,126.5651646,173.9066407,-90.679,154.984,59.646,-153.909,106.101,173.907,2.049,0.815,-0.841,-0.813,4.2,1.001,-122.719,132.769,-66.253,Y,0.731,0.468,-2.526,-1.316,3.222,0.085,-151.662,138.582,173.133,Q,3.083,0.859,-1.34,-0.59,2.543,-0.56,-117.713,163.065,79.565,S,4.696,0.31,0.409,0.7,1.732,1.12,-105.155,125.191,-54.347,T,E,E
1L6X,A,321,A,261,7.637,9999,-3.515,4.617,-6.993,0.339,10.195,9999,-2.732,-2.688,2.381,1.539,168.4509983,-161.8124055,-81.76782772,168.8111298,-169.5806858,-109.32,122.656,168.451,-106.846,112.108,-169.581,4.915,9999,-2.728,-2.144,4.019,1.147,-114.135,129.563,-168.973,K,7.402,9999,-2.102,-2.182,2.249,0.724,-108.167,120.178,179.087,K,3.662,9999,-2.632,-0.085,2.076,-0.425,-124.374,125.068,-48,T,6.361,9999,-2.209,-0.883,3.434,1.088,-104.527,127.826,-59.591,V,E,E
1L6X,A,425,A,367,6.054,9999,-2.447,-3.73,-0.527,0.228,8.848,9999,9999,-2.636,0.725,1.352,173.7580166,-174.2715646,-84.76570234,171.8953974,-170.5171336,-101.03,118.25,173.758,-124.119,110.978,-170.517,0.65,9999,-3.253,-1.174,1.559,1.079,-139.008,135.763,-58.844,S,7.006,9999,-2.453,-1.748,0.84,0.32,-101.966,133.006,-58.839,S,4.497,9999,-2.345,0.347,2.145,-0.33,-108.648,136.128,-56.766,T,9.487,9999,-4.282,-1.218,0.366,0.986,-95.511,130.962,158.808,L,E,E
1BR9,A,101,A,3,-4.137,0.041,9999,-2.093,9999,-0.508,1.344,0.232,9999,-2.8,-0.149,-0.209,-55.83027094,-33.72999678,-77.63529185,-64.02374221,-59.10617945,-84.339,-5.43,-55.83,-126.219,142.188,-59.106,-4.049,-0.377,9999,1.311,0.84,-0.034,-61.73,-16.738,-79.441,L,-0.056,0.147,9999,1.17,0.869,-0.755,-75.066,167.996,-73.946,D,9999,0.297,9999,-0.96,0.666,9999,-126.483,134.684,27.804,S,2.849,0.316,9999,-0.688,0.649,0.342,-77.153,147.896,45.666,S,T,-
1IEE,A,80,A,64,9999,-0.735,9999,1.397,-2.53,-0.263,9999,1.255,9999,-2.447,5.634,-0.926,-61.80836149,-60.52909905,96.30412714,81.70184821,62.48170054,-58.426,-32.842,-61.808,-134.529,162.213,62.482,9999,0.677,9999,-1.101,-0.193,9999,-72.185,141.01,-4.819,P,9999,-0.665,9999,2.684,-1.232,0.03,-61.121,-27.671,-66.239,S,9999,0.368,9999,2.659,4.435,-1.015,-110.87,-33.924,-57.642,W,9999,0.858,9999,-1.502,2.176,-0.387,-101.169,125.576,177.024,N,G,-
1IEE,A,94,A,76,9999,0.365,9999,0.201,-5.875,-0.345,9999,-0.129,9999,0.349,-0.489,0.988,-173.3884467,58.50954334,79.99728944,173.6477367,-67.63802079,-71.163,-42.363,-173.388,-97.138,-2.195,-67.638,9999,-0.421,9999,2.877,-1.504,0.158,-58.742,-41.758,-74.853,N,9999,-0.236,9999,3.624,-0.423,0.193,-57.704,-36.48,9999,A,9999,-0.224,9999,3.66,0.275,0.891,-71.88,-12.404,-61.867,L,9999,-0.52,9999,0.472,-1.425,-0.463,45.633,67.387,-173.741,N,H,T
1IEE,A,115,A,30,9999,-0.11,9999,5.281,4.888,-1.042,9999,-2.183,9999,5.356,1.751,-0.502,-57.66751196,-78.5311818,-93.74436209,-88.3917113,-174.0372431,-112.826,-45.185,-57.667,-58.039,-45.207,-174.037,9999,0.047,9999,-1.4,1.405,-0.468,-126.59,-19.913,-53.323,R,9999,-0.829,9999,2.142,-0.681,-1.364,-53.079,128.015,-178.808,K,9999,-0.569,9999,4.432,0.658,-0.763,-64.606,-44.657,-61.579,V,9999,-0.635,9999,3.724,-1.517,-0.351,-59.898,-48.029,9999,A,I,H
2J4T,A,79,A,25,6.848,0.974,-0.514,-3.558,-2.399,0.361,-1.93,-0.613,1.653,4.48,-1.781,-0.485,-64.86391375,-64.06109582,-83.36639975,-69.69604222,-81.61065719,-109.755,118.074,-64.864,-69.06,-46.088,-81.611,9.79,0.432,-0.803,0.753,1.42,0.954,-98.622,132.505,-66.371,T,3.389,0.973,-0.676,-1.329,1.672,0.992,-109.365,132.327,-61.105,T,9999,-0.582,1.284,3.157,-1.929,9999,-65.517,-39.753,167.089,Y,-2.561,0.266,2.658,3.643,-0.707,-0.207,-63.569,-40.501,-59.206,E,E,H
2J4T,A,105,A,56,2.894,0.869,-1.118,-0.348,8.224,0.581,-6.752,-0.476,-0.853,-2.22,-2.816,-1.096,-61.42699887,-105.9121046,-88.266015,-55.01049869,-64.53326669,-119.586,148.941,-61.427,-83.332,-9.125,-64.533,-4.213,0.542,-0.476,-1.987,3,0.108,-117.108,137.418,9999,A,1.012,0.196,-0.482,-0.66,2.918,0.47,-133.286,116.513,-94.24,E,4.651,-0.855,1.391,2.78,-0.551,-0.546,-65.33,-21.769,-55.838,I,-0.264,-0.04,0.592,-0.582,9999,-1.272,-116.911,-142.594,9999,G,E,G
1IWT,A,81,A,65,5.608,-0.758,9999,1.313,-3.128,0.064,-6.868,1.152,9999,-2.843,4.856,-1.074,-62.11322576,-61.92175292,97.84781266,79.72674947,63.86818736,-60.1,-22.936,-62.113,-140.764,156.064,63.868,2.941,0.547,9999,-1.018,0.457,0.337,-63.402,141.808,173.509,S,-2.222,-0.572,9999,2.99,9999,-0.122,-54.607,-35.994,176.385,S,-7.484,0.464,9999,1.783,4.592,-0.945,-110.278,-36.692,-55.798,W,-0.575,0.992,9999,-2.002,2.008,0.102,-94.808,124.444,-173.213,N,G,S
1IWT,A,95,A,77,-0.756,0.327,9999,-0.62,-5.641,0.004,-5.254,-0.213,9999,0.476,-1.03,1.101,-172.5255793,45.90283039,80.40606346,179.0204136,-66.19579977,-70.204,-40.034,-172.526,-80.838,-4.846,-66.196,-2.456,-0.508,9999,3.556,-1.008,-0.319,-58.911,-41.119,9999,A,0.765,-0.552,9999,3.956,-1.389,0.359,-58.811,-39.517,9999,A,-1.17,-0.271,9999,2.953,0.338,0.247,-69.237,-24.75,9999,A,-2.148,-0.6,9999,-0.381,-4.079,-0.598,41.102,59.69,50.983,H,H,T
1IWT,A,116,A,30,-3.206,-0.282,9999,-0.973,3.504,-1.045,1.659,-1.762,9999,4.645,3.925,-0.302,-53.73502589,-69.30846289,-97.31845223,-93.62160952,-173.4053044,-130.442,-42.845,-53.735,-57.843,-41.319,-173.405,-5.087,-0.274,9999,-1.528,1.265,-0.331,-116.875,-12.362,-54.137,R,0.496,-1.108,9999,1.535,-0.397,-1.835,-59.36,133.583,-177.075,Q,-1.664,0.029,9999,0.09,-1.898,0.038,-60.798,-49.117,-71.151,M,-3.444,-0.368,9999,4.258,0.388,-0.346,-58.615,-55.064,178.095,L,T,H
5PTI,A,38,A,14,-2.516,0.424,-0.64,-0.177,9999,-0.432,2.858,0.099,0.348,4.969,5.026,0.235,61.03617418,-114.32879,95.0564712,105.9008237,-71.94374178,-141.276,159.454,-36.861,-87.411,156.37,-66.053,9999,-0.31,-0.96,0.74,9999,9999,105.543,-8.875,9999,G,-7.394,-0.264,9999,0.685,-3.236,0.633,56.21,42.952,-63.047,R,9999,0.205,2.983,1.838,-5.092,9999,-83.374,-5.539,10.654,P,-5.352,0.219,1.193,0.036,0.238,-0.405,-104.163,22.592,-37.473,K,S,-
5PTI,A,51,A,30,1.701,-2.848,1.268,3.176,1.395,-1.202,0.97,1.12,-0.707,2.14,8.452,0.002,178.0837114,-95.87676973,-89.90826027,-102.8053968,-72.34200639,-58.326,-51.725,178.115,-91.314,131.864,-72.897,1.094,-0.225,1.666,3.26,0.735,-0.42,-59.493,-48.198,-114.388,D,0.766,-0.167,4.199,1.213,-1.321,0.134,-64.393,-40.974,-68.441,M,-4.855,0.526,-0.568,-3.01,3.31,-1.21,-134.565,158.59,-60.777,L,2.643,0.571,-2.022,-1.862,4.49,0.245,-130.588,166.416,-62.79,Q,H,E
5PTI,A,55,A,5,-5.349,-0.09,-0.689,-1.347,1.578,-0.245,3.146,-0.2,-1.165,2.21,-1.029,-0.97,-64.48044297,-65.95288132,-82.81554868,-75.4958523,-62.22278989,-112.546,-16.227,-69.611,-68.094,-18.44,-63.328,-0.357,-0.167,1.805,3.758,0.648,-0.796,-83.794,-43.132,-61.131,T,-2.802,-0.107,0.713,1.519,9999,-0.638,-84.957,-170.911,9999,G,-2.074,0.201,2.066,1.3,-1.452,-0.407,-70.838,-16.497,66.283,F,-7.888,0.282,1.774,-0.196,-0.168,-0.943,-89.611,-11.236,-57.636,L,H,G
1XU1,A,202,A,187,6.755,-0.315,9999,1.504,-2.946,0.72,2.974,0.115,9999,-1.37,-0.287,0.553,-148.5245011,-53.40530228,-103.3240195,-84.28306337,-177.6454355,-57.066,-38.78,-74.787,-76.25,128.83,-169.51,1.274,0.138,9999,-1.35,0.178,0.174,-77.567,122.013,174.268,S,-5.919,-0.062,9999,2.989,-0.425,0.088,-58.512,-33.835,9999,A,-4.339,0.101,9999,-2.265,4.119,-1.397,-158.058,157.546,-159.768,D,8.904,-0.086,9999,-2.757,0.742,0.512,-119.223,135.161,-59.422,I,E,E
1OK3,A,113,A,66,7.126,-0.836,9999,-0.552,-2.76,0.19,2.465,-0.147,9999,5.481,2.331,0.353,179.7308132,63.3091816,98.05650345,86.59122753,-86.69959918,-79.557,117.092,179.731,-77.444,167.777,-86.7,3.108,1.298,9999,-1.051,3.106,0.404,-115.594,139.945,-63.901,T,9999,0.16,9999,-0.391,0.3,0.02,-84.726,164.971,-76.881,L,0.415,0.4,9999,-2.398,2.831,-0.352,-148.776,163.639,129.026,S,-0.391,0.285,9999,-0.619,1.189,0.169,-77.705,171.115,-83.444,E,B,-
1OK3,A,126,A,97,1.775,0.984,9999,-0.695,4.878,-0.842,1.832,0.471,9999,-2.388,-4.359,0.579,-84.69932935,-69.35689814,-102.6206801,-24.18079328,-65.3635732,-121.94,114.29,-84.699,-65.638,145.489,-65.363,0.052,0.023,9999,0.048,-0.149,-1.474,-71.461,-18.085,51.297,F,0.478,0.674,9999,-2.381,3.615,0.939,-105.566,162.421,67.882,K,-2.509,0.668,9999,-3.047,3.273,0.906,-138.091,149.091,68.581,E,3.098,0.246,9999,9999,9999,-0.381,-89.819,177.584,-72.878,R,E,E
1XAK,A,43,A,8,2.781,-0.457,-0.325,2.657,-0.34,0.742,-1.241,0.386,-1.849,-2.883,3.352,0.618,173.6408469,89.6303469,87.53148275,80.63767645,50.61661829,-68.299,119.451,172.804,-150.107,161.7,51.571,4.522,0.084,-1.985,1.046,0.361,0.404,-82.872,133.977,-62.423,T,8.9,-0.031,0.38,-2.158,1.965,-0.875,-153.623,156.184,66.882,T,3.415,1.142,-0.921,-1.759,2.023,0.368,-97.989,153.119,-67.858,E,0.561,0.244,0.626,0.092,-0.007,0.47,-81.058,122.871,-59.612,V,+,E
1XAK,A,52,A,20,5.278,0.511,-3.226,-0.698,2.089,0.598,-4.026,0.46,0.19,-2.177,6.066,-1.247,-58.53012666,-78.81256104,-87.44147682,-139.4159879,59.73427659,-100.65,157.413,-57.816,-162.226,152.132,58.831,5.409,0.739,-2.891,-1.083,0.992,0.664,-111.57,118.368,9999,A,2.063,-0.03,-5.251,2.854,-0.55,0.503,-62.035,-29.359,9999,A,9999,-0.083,9999,0.581,-0.802,9999,-70.361,-16.216,28.638,P,9999,0.126,9999,0.543,0.202,9999,-63.576,141.197,24.689,P,>,S
2QYP,A,47,A,36,-0.897,-0.413,0.462,4.818,-2.906,0.203,-4.478,-0.168,2.063,1.008,-2.711,0.341,-174.2063375,-100.626144,-50.50939635,-86.13954895,-50.58269007,-74.963,-46.887,-174.206,-72.432,-34.099,-50.583,2.665,-0.138,1.578,4.277,-1.228,0.929,-115.293,-15.192,-87.415,E,0.511,-0.484,1.31,2.345,-0.618,-0.368,-59.781,-43.537,-74.505,Q,3.314,-0.298,1.732,4.664,0.87,-0.451,-49.854,-36.786,-68.342,M,-1.016,-0.103,-0.14,2.044,-0.068,-0.5,-65.259,-14.743,89.541,S,H,H
2QYP,A,72,A,8,-4.857,-0.693,2.941,4.344,1.389,0.711,0.688,-0.756,0.563,6.635,1.569,-0.195,-68.94970351,-73.55845508,-93.41883668,-88.04813191,-179.2921748,-73.143,-25.109,-68.95,-59.407,-41.6,-179.292,0.182,-0.717,1.169,5.258,0.095,-1.171,-43.977,-49.24,-59.456,V,1.48,0.073,3.788,2.358,-0.958,-0.055,-76.946,-35.501,-174.816,S,-2.082,-0.22,0.859,3.866,-0.283,0.417,-58.17,-43.695,-71.347,V,-1.6,-0.301,3.496,3.352,-0.422,0.318,-65.489,-41.304,-71.171,E,H,H
1G6A,A,123,A,77,2.477,9999,1.323,8.03,1.191,-0.019,-3.882,9999,0.882,5.885,0.826,-0.44,-97.19228314,-69.89396106,-104.6427168,-72.06873278,-74.08018493,-67.387,-40.724,-97.192,-73.626,-32.526,-74.08,3.707,9999,2.548,3.376,-2.916,0.44,-68.085,-39.151,9999,A,1.623,9999,3.695,4.389,-0.858,-0.101,-58.826,-43.268,178.849,F,-4.173,9999,0.332,3.402,-1.628,-1.04,-66.675,-40.514,9999,A,0.225,9999,1.256,3.345,-2.556,-0.151,-62.023,-40.538,9999,A,H,H
1M9Z,A,44,A,38,-0.628,0.141,-1.979,-2.177,5.824,0.934,2.635,-0.181,-0.892,0.918,-0.146,0.091,-64.56355033,165.5211414,79.25981748,78.93626604,173.4851618,-140.059,151.58,-64.564,-59.392,117.608,173.485,-1.899,0.806,-2.02,-0.993,1.976,-0.444,-143.612,159.19,79.347,S,0.681,1.059,2.602,-2.451,-1.05,-0.054,-90.365,150.581,-61.553,M,-2.298,0.15,0.422,-1.714,0.154,0.118,-103.212,1.138,55.998,T,4.726,0.203,-1.336,-0.891,1.58,-0.475,-163.494,137.141,-157.931,D,E,+
1M9Z,A,48,A,31,-1.972,0.361,0.234,-1.971,-3.297,-0.199,0.977,0.291,0.611,5.233,-0.712,0.131,168.8437503,62.41339487,91.35444331,86.61884746,-76.12393578,-94.526,124.41,168.844,-97.592,2.23,-76.124,-0.731,-0.409,-1.045,1.13,-1.225,0.678,57.231,26.956,-65,N,8.56,-0.03,-1.801,0.289,0.044,0.571,-87.647,2.875,66.19,S,7.994,0.755,-0.962,-3.613,0.329,0.163,-146.052,65.595,-156.296,F,-3.473,-0.617,-1.556,3.241,-0.921,0.888,58.162,-144.723,-71.423,D,-,-
1M9Z,A,61,A,28,-5.438,0.518,0.254,-2.932,-5.398,-0.315,0.901,0.469,0.805,-3.391,2.153,0.608,-51.40141716,-37.07811803,-82.97232352,-66.55621624,-59.35792645,-87.393,146.079,-51.401,-135.211,152.742,-59.358,-6.242,0.792,-1.376,-3.844,1.177,0.322,-123.669,171.553,64.963,V,-2.304,0.96,0.31,-1.905,4.58,0.143,-135.219,142.214,-59.186,V,-1.937,0.78,1.53,-0.84,2.551,-0.3,-104.718,123.953,-62.062,L,-1.22,0.682,1.29,-1.388,-2.939,0.853,-64.201,137.349,-66.727,K,E,E
1M9Z,A,78,A,54,9999,0.716,0.905,1.777,7.252,9999,6.834,0.154,0.277,-2.399,-3.663,0.311,-70.64706007,-99.81693375,-80.27056719,-52.39881538,-59.19822797,-85.731,147.807,-70.647,-60.468,143.112,-59.198,-8.341,-0.087,-0.031,-3.344,6.173,-0.809,-146.895,166.065,64.326,V,-2.571,0.1,-2.672,-0.325,3.163,0.886,-156.73,142.005,-169.191,H,3.379,0.381,1.434,-0.478,0.912,0.072,-77.385,119.696,-59.752,I,-0.637,-0.344,0.226,2.826,0.799,0.356,-58.788,-39.846,179.298,E,E,-
1M9Z,A,120,A,115,-1.815,-0.074,-0.539,3.157,6.153,-0.211,-10.002,0.675,0.164,-1.113,5.478,0.284,60.30078247,92.2984949,98.13546314,86.72124492,54.99097418,-69.59,-24.339,60.301,-168.734,160.538,54.991,-5.235,-0.897,0.57,2.092,-1.698,1.428,55.56,28.106,-65.509,E,-3.291,-0.342,-4.537,-0.922,-2.484,-0.537,-77.977,7.158,61.483,N,9999,1.18,-3.3,-0.8,5.61,9999,-134.557,165.024,73.353,S,-4.028,0.511,-0.662,-1.518,0.436,0.166,-128.362,35.128,43.051,S,G,E
2GMF,A,96,A,54,3.192,0.138,9999,-2.867,1.02,0.158,2.654,-0.171,2.351,-0.46,1.486,-0.01,-56.77202346,-68.17393874,-90.86885091,-84.51952882,-50.4867868,-113.961,81.387,-56.772,55.77,33.213,-50.487,2.195,0.065,-0.659,-1.57,-0.994,0.255,-107.032,74.564,168.2,S,9999,-0.018,0.122,0.633,0.484,9999,-65.765,153.518,9999,A,-2.952,0.052,0.385,-0.755,0.899,-0.715,-139.979,153.954,51.211,T,-1.646,-0.234,1.456,2.067,-2.162,-0.386,-59.495,-57.503,-178.586,L,-,S
1KCQ,A,201,A,188,4.619,0.797,9999,0.489,4.443,-1.179,-4.262,1.363,9999,1.878,8.454,-0.49,-75.5589693,-80.18202168,112.9699131,-105.5581658,-65.95982559,-121.089,136.813,-75.559,-113.14,154.53,-65.96,10.348,0.908,9999,-1.06,4.842,1.218,-116.712,131.826,-179.358,W,12.07,-0.354,9999,0.091,9999,-1.313,-69.627,158.156,9999,G,4.88,0.873,9999,-1.116,3.464,-0.971,-124.94,-176.957,-57.87,D,-1.297,0.859,9999,-0.991,5.047,2.008,-135.569,144.599,-68.356,F,E,E
1BYF,A,111,A,96,2.006,-0.033,0.107,3.447,6.341,9999,3.006,0.091,-2.752,1.341,6.45,9999,-53.45934975,-100.6443995,99.82705669,92.91289522,-70.43507692,-93.766,1.472,-55.1,-117.263,155.108,-69.529,-3.898,0.394,2.243,0.673,9999,9999,-68.679,165.097,9999,G,1.443,0.178,0.083,0.309,9999,9999,-91.908,-12.609,9999,G,7.194,0.865,-2.513,-1.467,4.149,9999,-117.677,135.403,-61.124,L,1.308,0.869,-3.603,-0.794,-5.017,9999,-109.757,137.809,-58.63,V,S,E
1DQE,A,54,A,19,1.739,-0.479,9999,3.589,4.312,0.334,-0.219,-0.443,9999,3.868,0.796,0.039,179.3264325,-99.30953775,-86.52580517,-86.97031121,-66.63107272,-58.731,-45.597,179.327,-61.877,-34.809,-66.631,-3.508,-0.52,9999,3.628,0.208,-0.53,-60.865,-44.262,-167.962,M,1.364,-0.657,9999,3.444,0.303,0.378,-61.97,-47.068,-64.758,L,0.265,-0.244,9999,2.943,-1.347,-0.432,-64.492,-47.235,178.709,E,-2.55,-0.617,9999,3.764,-0.349,0.32,-64.443,-47.477,-128.433,K,H,H
1DQE,A,108,A,50,1.844,-0.588,9999,6.085,4.589,0.293,-0.013,-0.003,9999,-0.268,-5.299,0.004,-63.55018065,-145.5601442,108.7470619,-37.04417743,-61.82561152,-65.352,-41.719,-63.55,-55.091,-43.175,-61.826,6.409,-0.023,9999,2.023,-0.274,0.721,-46.839,-37.545,-77.063,K,0.327,-0.465,9999,2.069,-0.975,-1.148,-76.124,-34.51,-65.636,I,-2.353,-0.237,9999,2.885,9999,-1.261,-62.71,-47.853,9999,G,-0.76,-0.717,9999,3.71,-1.58,0.12,-64.579,-45.712,9999,A,H,H
1DQE,A,117,A,97,4.155,-0.337,9999,3.574,-5.419,-0.468,3.949,0.264,9999,0.781,-2.201,0.259,170.0850862,-91.36714353,-78.00034606,-70.15295221,-74.47017989,-70.063,-42.945,170.085,-73.551,-27.31,-74.47,4.475,-0.471,9999,5.061,0.004,0.477,-64.646,-34.872,55.33,T,2.923,-0.494,9999,2.845,1.356,0.081,-56.44,-43.333,176.786,F,0.691,0.021,9999,2.264,9999,0.409,-58.4,-42.078,9999,G,1.363,-0.241,9999,2.877,-1.45,0.046,-67.307,-33.459,-73.43,E,H,H
2D1Z,A,342,A,323,5.952,0.718,1.405,1.113,4.182,0.976,1.221,0.922,-0.404,4.289,2.604,0.45,-55.62904981,-87.79529335,95.95437208,77.67392901,-74.11231664,-70.991,133.523,-55.629,-95.14,151.371,-74.112,7.49,-0.144,-0.475,1.873,0.413,-1.005,-45.642,131.374,-62.311,D,0.941,0.344,9999,-1.148,1.138,1.29,-158.479,165.707,67.793,H,0.763,0.396,-2.734,-0.22,3.1,0.031,-107.708,158.541,-68.437,R,-1.384,0.067,0.925,1.026,-0.019,0.149,-66.13,122.366,-170.651,L,+,E
2D1Z,A,382,A,365,5.158,0.436,1.887,0.268,2.728,0.03,1.608,0.755,-0.128,3.497,1.002,0.888,-58.79501938,-74.9716637,99.33727414,72.11251508,-88.28418907,-67.114,133.19,-58.795,-121.686,142.195,-88.284,7.498,0.069,-0.572,2.618,0.193,-0.586,-51.818,138.476,-78.711,S,0.052,0.46,-0.135,-1.362,0.828,0.622,-141.888,-5.089,64.996,W,-0.95,0.744,-1.22,-2.928,0.375,0.111,-108.2,146.856,-70.082,K,2.216,0.287,2.125,1.226,-0.319,0.829,-64.663,126.435,-170.145,L,+,E
2D1Z,A,425,A,406,7.039,0.565,1.738,0.987,2.778,0.744,0.695,0.741,0.408,4.847,2.409,-0.23,-59.37862111,-78.8099768,97.81923348,79.77229853,-82.66003383,-59.717,136.461,-59.379,-90.806,149.407,-82.66,5.698,-0.201,0.828,1.218,0.093,-0.916,-45.979,131.14,55.865,S,5.175,0.276,0.741,-1.446,2.36,1.664,-133.622,-3.258,64.076,S,-0.269,0.365,-2.034,-1.65,1.47,-0.17,-104.788,156.156,-60.678,L,-1.684,0.047,2.025,1.326,0.681,0.279,-66.204,132.94,-78.759,L,+,E
1CEX,A,178,A,171,-4.377,0.095,0.653,3.113,6.517,9999,9.974,1.259,1.353,2.507,5.993,9999,-67.75803738,-109.8944419,-83.5088799,-77.07230632,-96.72095136,-83.392,-12.521,-68.885,-130.279,109.368,-98.874,-5.276,1.027,2.755,-0.717,-1.905,9999,-70.768,-17.639,76.455,V,-6,0.167,0.537,-2.036,-0.91,9999,-116.968,30.425,53.629,T,8.583,0.138,-1.756,-0.441,-0.312,9999,-113.916,105.961,-65.575,F,4.622,0.253,2.34,-0.606,0.326,9999,-73.065,150.555,-75.367,N,G,-
1RCB,A,65,A,24,-3.76,-0.318,-0.078,0.689,9999,-0.83,-2.819,-0.142,0.683,1.391,-0.135,-0.07,-60.23234252,-142.1157618,87.78694049,75.04698179,-131.3962823,-111.7,-29.258,-59.82,-81.671,-20.304,-131.149,1.353,-0.182,1.456,2.306,-0.383,0.181,-69.04,-17.848,-84.724,R,-1.953,-0.543,-0.886,2.321,0.565,-1.107,-50.703,-32.994,-68.873,L,-1.003,0.02,1.83,2.76,0.551,0.23,-55.702,-40.322,-71.792,L,-7.113,-0.069,-0.987,1.672,-0.794,-0.739,-72.368,11.651,52.65,T,T,T
2FD9,A,26,A,16,-1.587,-0.092,3.831,1.122,-2.525,-0.502,-0.831,-0.653,0.995,3.242,-2.6,-0.302,-61.17479961,-62.5436056,-78.14284128,-90.23844016,176.5773787,-70.99,-36.804,-61.175,-63.345,-38.611,176.577,-0.444,-0.2,1.66,2.516,-0.228,-1.075,-60.193,-46.827,-172.569,L,1.696,-0.43,0.326,4.347,-1.571,0.87,-61.578,-47.409,9999,A,1.678,-0.381,2.062,4.372,-0.048,0.163,-67.046,-41.083,9999,V,-4.19,-0.355,2.705,0.29,-0.392,-0.541,-74.886,-9.873,-71.041,R,H,H
2FD9,A,32,A,4,-0.203,0.415,-2.79,2.937,7.263,-0.269,3.674,0.732,0.036,-0.799,5.132,0.668,-61.47982608,-115.7673726,105.05566,-63.18467811,-77.09239698,-69.937,157.896,-61.48,-118.732,136.644,-77.092,-1.647,0.253,1.492,0.458,9999,-0.387,85.059,1.546,9999,G,-7.789,0.523,-1.547,-1.911,3.775,0.696,-127.956,136.285,38.128,I,6.253,0.257,0.103,-1.865,0.962,0.708,-120.957,124.433,-68.935,c,9999,-0.014,-1.609,1.619,0.061,9999,-79.489,-8.487,32.843,P,<,-
2FD9,A,40,A,3,4.681,0.137,-0.47,-0.472,0.515,0.54,6.253,0.257,0.103,-1.865,0.962,0.708,-66.63847946,-53.12434836,-86.79387756,-72.45705817,-68.93472068,-98.762,152.734,-66.638,-120.957,124.433,-68.935,-0.465,0.171,-0.918,-1.501,1.836,-0.419,-173.366,96.478,-179.318,T,9999,0.1,1.711,-0.097,0.537,9999,-82.099,-150.496,-4.626,P,5.272,0.842,-0.205,-0.613,1.758,0.53,-108.825,129.511,-61.085,T,3.674,0.732,0.036,-0.799,5.132,0.668,-118.732,136.644,-77.092,c,-,E
3BPO,A,57,A,29,1.701,0.16,9999,-3.411,-1.522,0.39,2.403,-0.009,0.918,-2.571,-6.549,1.248,174.7462877,-175.9415717,-53.62304811,-50.50567268,-77.5221994,-110.838,82.264,174.746,79.373,38.583,-77.522,0.869,9995.12,-0.218,1.386,9999,0.523,-129.927,53.024,9999,G,9999,-0.255,2.455,3.454,-0.662,9999,-73.462,-6.196,-80.422,S,6.166,-0.05,1.031,0.988,0.892,0.087,-97.833,118.327,-157.161,L,-5.071,-0.322,-0.014,1.723,-0.5,-0.223,48.848,24.288,9999,N,S,H
3BPO,A,71,A,45,0.705,0.572,9999,-1.37,3.689,-0.79,-3.476,-0.163,1.954,1.75,-0.231,0.26,-167.9098956,87.35902521,106.1006257,-88.43614175,-49.94614342,-122.875,125.397,-167.91,-70.242,-44.891,-49.946,-1.991,-0.215,-0.222,0.659,1.547,-0.665,-89.769,-5.485,-74.386,F,9999,0.14,-1.47,1.06,0.09,9999,-62.02,176.059,-21.522,P,-1.047,-0.475,2.433,4.537,0.142,-0.771,-93.976,-11.488,-61.443,Y,-0.866,-0.185,2.277,3.204,-0.427,-0.161,-49.844,-49.437,9999,A,0,T
1ZLH,A,161,A,138,11.166,0.769,0.02,-0.275,-3.124,1.093,-0.317,-0.694,1.784,3.515,-2.144,-0.233,-62.78122069,-62.2024686,93.72778679,158.2934357,-86.25611925,-70.456,129.188,-63.453,-67.218,-59.118,-173.184,-1.742,0.264,0.539,-1.344,4.977,0.867,-137.814,132.295,179.837,E,6.343,0.59,9999,9999,9999,1.403,-135.247,158.198,-80.102,N,-0.537,0.078,0.32,0.931,9999,0.098,95.271,178.712,9999,G,-2.734,0.11,3.877,2.639,-0.191,0.079,-58.743,-36.878,-153.993,K,T,S
1NCO,A,47,A,37,2.233,1.036,-0.706,1.083,7.801,0.901,4.501,0.964,-2.695,0.424,12.549,0.553,-59.93733536,-84.92240966,100.6268304,-98.36796136,-58.42520152,-109.769,169.214,-59.937,-146.166,162.454,-58.425,4.068,0.542,0.148,-2.073,2.908,0.487,-114.171,122.769,9999,A,-3.821,0.779,9999,-1.575,0.197,-0.598,-104.826,74.46,-176.513,N,4.657,1.013,-1.454,-2.359,1.74,1.357,-109.038,135.88,175.926,Q,-1.429,0.572,-1.481,-0.767,5.711,1.011,-133.675,137.596,9999,A,E,E
1NCO,A,93,A,88,5.487,0.704,-1.301,-1.466,2.552,0.965,3.665,0.257,0.935,0.014,-1.763,0.868,-62.71950009,174.1117848,-86.77484658,-65.89518599,-64.78480747,-85.575,149.287,-62.719,-70.317,-7.027,-64.785,2.396,0.417,-0.306,-0.639,-0.952,0.14,-88.352,81.709,9999,A,-3.906,1.123,-2.017,-1.712,4.045,1.016,-141.598,159.535,43.773,Q,3.836,0.166,1.039,-2.101,1.345,-0.127,-99.149,109.722,-179.357,D,-1.891,0.132,0.463,2.215,0.094,0.712,-75.485,-33.089,60.335,T,E,T
1Y62,A,53,A,32,2.802,-2.611,0.583,2.754,3.803,-1.52,3.588,0.588,-0.832,1.436,3.806,0.423,170.0678007,-86.90836956,-91.64309384,-90.96151985,-74.58374284,-68.144,-40.585,170.068,-84.21,112.239,-74.584,-3.584,-0.239,1.177,2.934,0.135,-1.775,-65.714,-35.029,-67.156,D,0.31,-0.638,1.973,2.616,-1.225,-0.082,-67.017,-48.339,-59.367,Q,-6.513,0.355,-1.797,-1.719,6.089,-1.345,-153.851,151.701,53.835,Q,5.247,0.527,-1.683,-1.664,4.335,0.572,-115.529,167.223,-56.565,L,H,E
1Z40,A,409,A,337,5.952,0.621,-1.803,-2.302,-3.03,1.477,-0.715,-0.014,-0.939,-0.443,-1.247,-0.881,-174.2646356,70.90277961,74.09173458,40.87334122,-173.7916414,-107.334,118.887,-174.265,-57.4,-52.285,-173.792,-3.511,0.629,-1.937,-2.526,3.273,-1.208,-131.124,134.63,-67.554,K,8.393,0.592,-1.799,-1.199,0.091,0.883,-108.022,109.859,-60.921,E,-1.956,0.192,1.879,2.292,-1.148,0.51,-62.299,-42.563,-76.287,E,-4.444,-0.386,-0.782,9999,9999,-2.03,-55.328,-41.649,-170.023,N,E,H
1Z40,A,418,A,320,-3.865,-0.413,-0.208,-0.745,4.697,-0.34,3.824,0.262,-1.152,-1.3,-1.157,0.36,55.11772998,91.11946787,91.22363707,62.05859919,-161.5243372,-167.427,174.662,55.118,-86.113,110.637,-161.524,1.725,0.23,-0.12,-2.804,1.646,-0.009,-127.219,10.687,58.324,T,0.252,-0.211,-1.219,0.8,-2.04,-0.057,-115.924,144.406,-64.326,L,-0.776,-0.194,-3.496,-2.098,3.505,-1.156,-144.76,144.847,-132.354,N,6.516,0.14,-2.029,-2.173,1.312,0.319,-104.044,157.07,-168.321,E,E,E
1FH9,A,199,A,167,-1.763,9999,-1.907,-2.253,8.326,-0.092,5.16,9999,0.683,-3.661,-1.184,1.696,37.04571161,115.8292236,-85.31357699,-42.68193713,-36.37611115,-157.925,163.805,37.046,-113.652,159.598,-36.376,4.456,9999,-0.548,0.684,4.358,1.45,-116.425,-13.159,-45.699,D,-0.39,9999,-2.968,-1.646,2.793,0.046,-130.583,130.263,-57.537,V,5.103,9999,-0.952,-0.512,-1.221,2.251,-96.661,116.572,-49.776,L,0.718,9999,-4.27,-2.7,4.11,-0.452,-115.102,133.266,177.271,I,E,E
1FH9,A,267,A,261,4.55,9999,-0.125,-0.121,4.311,-0.187,-5.152,9999,2.104,1.977,0.68,-1.357,-179.8725717,-117.5669469,-97.58968543,62.5607799,-177.8052904,-82.693,109.908,-179.873,-63.995,-45.738,-177.805,-6.928,9999,0.449,0.021,-0.813,-1.039,-90.923,9.162,-77.88,R,7.922,9999,-0.274,0.562,1.399,0.812,-63.083,-27.253,-55.905,Q,-0.206,9999,0.562,3.333,-2.455,-0.637,-55.026,-43.125,9999,A,-1.731,9999,2.331,0.365,-2.383,-0.078,-59.105,-29.431,-71.826,M,E,H
1UUH,A,97,A,77,-1.63,0.004,9999,-2.021,2.153,-0.993,-0.292,0.249,9999,-0.022,6.818,0.412,-55.58961772,-71.10591445,-106.2457688,103.8869745,-166.0018663,-127.855,124.345,-55.59,-122.31,29.512,-166.002,-5.419,0.304,9999,0.008,0.199,-0.401,-83.052,-6.773,-102.205,I,0.41,-0.725,9999,0.71,-1.383,0.53,50.423,41.099,9999,A,-3.716,0.162,9999,-3.451,0.713,-0.275,-137.996,175.93,-65.035,T,-1.736,0.499,9999,-3.23,3.293,-0.53,-131.725,130.678,-77.632,R,B,S
1UUH,A,118,A,53,-4.487,0.712,9999,-4.107,1.265,0.107,-3.272,0.007,9999,0.733,-7.802,0.186,-65.0552257,-57.24946539,-83.29349614,-40.95282539,-65.89887723,-139.471,151.178,-65.055,-59.623,-44.053,-65.899,2.206,1.05,9999,-1.271,2.799,0.157,-109.937,154.577,-60.218,Y,-0.454,0.842,9999,-1.556,2.427,1.25,-122.298,123.089,172.95,F,6.416,-0.638,9999,2.89,-0.423,1.368,-65.057,-46.992,-147.929,L,1.261,0.159,9999,4.003,-0.278,-0.255,-59.65,-40.845,-164.872,K,E,H
1UUH,A,129,A,28,5.78,0.238,9999,-2.819,-0.049,0.925,-5.915,0.055,9999,3.297,4.699,0.401,-73.9992621,-60.53827376,102.7648765,-139.1270272,-58.46698688,-102.534,10.723,-73.999,-56.672,157.107,-58.467,7.804,0.278,9999,-1.221,2.41,1.105,-130.359,110.9,-179.152,D,2.839,-0.407,9999,2.081,0.475,-0.377,-44.707,127.428,-59.334,T,-4.576,0.373,9999,-0.99,4.949,-0.379,-96.705,158.58,-109.405,T,-2.123,0.752,9999,-0.815,0.349,0.213,-89.255,135.749,-80.336,R,+,-
1KNL,A,35,A,16,4.615,0.614,9999,1.233,4.551,0.821,0.868,0.756,9999,4.824,2.699,0.507,-65.89903191,-80.69873541,95.92597135,77.51163973,-75.50159833,-69.023,138.549,-65.899,-99.923,151.229,-75.502,7.885,-0.137,9999,2.214,0.979,-1.008,-43.706,132.02,-64.236,D,2.995,0.377,9999,-1.11,1.521,1.085,-157.453,-175.336,62.569,H,0.514,0.35,9999,0.119,3.454,-0.023,-114.899,157.449,-75.677,R,-1.602,-0.057,9999,1.326,0.591,0.127,-65.753,121.91,-172.463,L,+,E
1KNL,A,75,A,58,4.677,0.416,9999,0.455,3.095,0.073,1.776,0.656,9999,4.245,1.184,0.83,-64.21118111,-74.47251645,107.8743246,69.23302846,-80.97667685,-74.286,135.031,-64.211,-107.695,141.257,-80.977,7.072,0.048,9999,2.76,0.23,-0.459,-54.45,136.12,-61.056,S,-0.491,0.44,9999,-1.253,1.036,0.61,-142.164,0.831,63.625,W,-1.01,0.675,9999,-2.726,0.66,0.163,-119.188,140.453,-61.702,K,9999,0.02,9999,1.844,0.213,0.523,-61.87,126.702,-168.715,L,+,E
1KNL,A,118,A,99,8.606,0.531,9999,1.177,2.731,0.877,0.494,0.78,9999,4.999,2.622,-0.068,-66.17300912,-66.88008401,105.3725374,68.59353404,-81.54779135,-62.831,123.473,-66.173,-91.422,143.633,-81.548,8.087,-0.411,9999,2.287,1.702,-0.75,-40.301,128.311,-58.914,T,4.749,0.225,9999,-1.056,2.493,1.66,-137.88,12.305,-33.596,S,-0.287,0.285,9999,-1.225,1.474,-0.153,-106.079,159.188,-58.391,L,-1.617,-0.064,9999,1.559,1.227,0.127,-60.895,124.3,-168.908,L,+,E
1.00E+87,A,186,A,173,2.956,9999,9999,2.103,5.544,-0.128,-4.907,9999,9999,3.765,7.675,-0.912,-59.48110234,-77.28570249,98.60962066,89.58252721,-78.65068747,-57.51,-22.907,-59.481,-129.694,145.815,-78.651,4.172,9999,9999,2.02,-0.215,0.202,-54.731,129.33,-58.711,E,-3.945,9999,9999,1.099,-0.666,0.14,-77.976,-15.289,-68.184,E,-4.409,9999,9999,2.603,0.885,0.648,-100.897,2.3,-51.888,K,1.805,9999,9999,0.475,1.583,-0.833,-103.935,138.415,-62.69,V,T,E
1.00E+87,A,194,A,113,2.527,9999,9999,-3.63,0.273,1.187,-0.439,9999,9999,0.782,-5.523,0.285,-47.49322049,-71.58152884,-85.57975242,-56.47500198,-67.35086005,-112.747,156.934,-47.493,-59.662,-43.736,-67.351,-1.309,9999,9999,-1.926,3.937,-0.506,-131.274,132.157,-60.584,I,-5.454,9999,9999,-0.105,3.216,1.384,-146.896,166.29,69.901,N,2.973,9999,9999,3.06,-1.13,-0.342,-60.93,-45.943,9999,A,3.052,9999,9999,3.232,-0.569,0.113,-58.97,-33.929,-174.272,S,E,H
1ERQ,A,123,A,77,0.982,9999,1.148,5.61,0.703,-0.311,-4.172,9999,0.467,7.208,3.192,-0.987,-96.9888445,-62.14871536,-108.2199324,-86.46073473,-69.770845,-68.125,-39.258,-96.989,-62.728,-24.752,-69.771,2.897,9999,2.363,2.907,-1.046,0.932,-69.189,-41.756,-68.769,L,-3.137,9999,4.355,2.6,-1.435,-0.769,-61.284,-40.841,161.566,S,-2.826,9999,0.447,2.317,0.325,-0.238,-60.361,-52.7,167.57,L,0.886,9995.04,-1.009,1.932,9999,-0.217,-65.502,-45.82,9999,G,H,H
1B88,A,90,A,23,3.368,-1.424,-4.343,-2.968,3.221,-0.973,5.86,0.755,-3.036,-1.161,2.803,1.025,175.9818766,-156.3677667,-81.92330546,166.5315809,-177.058169,-107.395,134.731,175.982,-144.461,146.2,-177.058,4.477,0.572,-2.528,-0.312,3.996,1.48,-108.529,138.821,-70.093,F,5.91,0.548,-4.113,-2.276,3.293,-0.807,-131.666,163.598,9999,A,1.557,0.985,0.36,0.47,3.574,0.258,-93.946,159.292,-62.782,N,6.579,0.948,-2.685,-0.823,3.12,0.956,-136.89,129.936,-54.494,S,E,E
2Z3Q,A,85,A,35,7.247,-0.547,9999,-1.217,-2.2,-0.134,5.901,0.366,9999,-0.228,-3.391,0.67,-61.02376017,-65.18370448,-100.8580241,-56.5876216,-80.85433746,-83.074,118.369,179.707,-67.107,143.086,-62.903,6.921,1.651,9999,-2.697,4.567,0.263,-130.487,140.958,-70.739,E,3.966,0.442,9999,-3.535,3.441,0.347,-130.96,163.777,64.676,V,0.555,0.394,9999,-2.116,2.766,0.823,-125.333,133.385,-62.468,I,2.134,0.073,9999,-0.648,0.832,0.693,-68.168,161.388,-62.998,N,-,E
1N0S,A,115,A,8,1.583,0.568,-1.729,0.311,4.167,0.422,1.229,-1.361,9999,1.491,1.287,0.083,-175.3562253,-99.66514085,-91.53437439,-74.23051026,-72.50434495,-135.297,139.184,-169.762,-60.733,143.467,-77.838,10.534,0.329,-3.946,-1.882,3.993,0.384,-141.631,144.714,67.989,S,10.177,0.707,-1.683,-1.772,2.746,0.793,-133.119,141.764,-99.895,R,2.955,-0.184,0.842,-0.291,0.079,0.457,-86.021,164.202,9999,A,9999,-0.16,-0.715,-0.688,-0.01,9999,-71.961,157.673,29.817,P,E,-
1N0S,A,170,A,42,-2.994,0.154,-0.849,-1.757,2.493,-0.369,4.856,0.337,-2.623,1.455,9999,0.843,-70.29817677,-60.20123682,101.4968805,112.7914621,-177.3172824,-91.012,-1.783,-67.188,-153.992,88.647,-174.904,0.773,-0.193,2.194,2.161,0.748,-0.31,-68.274,-33.827,9999,A,0.227,-0.24,-1,1.213,-0.2,-0.8,-75.571,127.323,-168.888,K,1.552,0.539,-1.952,-1.569,1.674,0.343,-128.927,25.471,-76.061,K,1.946,0.647,-0.772,0.832,9999,0.253,-148.096,158.132,9999,G,H,S
3EZM,A,22,A,8,2.637,0.863,-1.272,0.182,5.351,9999,-1.652,1.245,-1.155,0.761,9.148,9999,-56.59940706,-84.47590379,98.73203725,-107.4403594,-53.79804318,-115.262,150.762,-58.52,-134.534,167.521,-53.968,8.132,0.587,-1.35,0.331,0.994,9999,-105.412,112.759,-60.523,T,1.723,0.78,0.948,0.525,1.686,9999,-71.137,137.675,-64.517,E,-8.729,0.464,-2.571,-1.795,0.571,9999,-126.262,26.485,55.358,T,-1.272,0.379,-3.034,-1.647,1.839,9999,-154.455,168.007,74.85,Y,E,E
3EZM,A,73,A,58,2.733,1.006,-1.229,0.042,4.899,9999,-3.167,1.461,-2.32,0.706,9.165,9999,-65.02973014,-80.43805334,101.4684803,-104.1374989,-58.51867611,-116.757,147.977,-65.231,-124.367,151.809,-64.739,-0.154,1.125,0.125,-1.71,2.118,9999,-111.326,114.082,-72.575,E,0.68,-0.236,1.411,0.313,1.468,9999,-77.014,139.815,-71.691,K,-10.673,0.39,-2.474,-2.292,0.134,9999,-115.9,2.692,57.378,T,-3.732,0.65,-2.428,-2.253,3.305,9999,-137.394,171.091,65.651,R,E,E
1BEB,A,119,A,106,2.511,9999,-1.461,-0.635,9.312,1.036,-0.464,9999,-1.863,-0.296,8.493,1.19,-56.09669253,-94.08663814,101.6094612,-91.00788187,-57.90079781,-123.583,154.217,-56.097,-137.425,151.553,-57.901,7.634,9999,-1.309,-2.674,3.753,0.561,-138.027,128.17,177.748,V,-1.103,9999,-2.509,-0.429,3.576,0.879,-137.911,151.139,-68.012,Q,3.387,9999,-3.456,-2.185,2.994,0.545,-147.2,165.397,80.356,F,1.033,9999,-3.064,-1.272,4.658,1.445,-116.418,157.301,-65.849,M,E,E
1TN3,A,176,A,77,3.714,0.746,-1.813,-3.797,-2.388,0.654,-3.115,-0.396,2.962,0.527,-7.133,0.093,-61.04580201,-60.4023155,-87.10045925,-44.01371295,-71.35187539,-95.265,151.224,-61.046,-60.717,-50.868,-71.352,0.313,0.919,0.867,-1.057,2.521,1.734,-125.661,128.177,-62.535,I,0.382,1.276,-2.382,-2.528,4.267,1.237,-114.025,137.301,-166.54,Q,1.62,-0.246,2.756,3.53,0.755,-0.39,-61.069,-42.875,-172.924,D,1.898,0.061,5.231,3.867,0.554,-0.134,-55.802,-47.268,-67.4,I,E,H
2E3W,A,84,A,26,4.295,1.348,-1.022,-4.376,-2.302,0.186,-3.726,-0.692,1.086,5.51,-1.229,-0.596,-61.73889419,-56.7212706,-77.37078336,-84.13548325,-69.52447676,-115.993,124.032,-61.739,-64.736,-44.206,-69.524,7.061,0.235,-1.829,-0.58,2.491,0.899,-91.126,132.754,-159.214,D,-1.008,1.222,-1.066,-1.806,3.022,-0.372,-138.947,140.308,-63.294,R,1.665,-0.377,1.136,3.578,0.756,-0.484,-53.134,-50.866,171.133,Y,-2.186,-0.196,2.666,3.068,-1.638,-0.526,-52.364,-47.118,-70.784,N,E,H
2E3W,A,110,A,58,3.667,0.672,-2.521,-0.018,9999,0.222,-8.301,-1.177,-2.355,-1.036,-0.721,-1.766,-57.56567521,-122.1670089,-82.78236808,-63.74200403,-64.23606319,-120.774,147.362,-57.566,-64.363,-8.872,-64.236,-1.276,0.999,0.374,-2.186,2.05,-0.149,-93.513,137.977,9999,A,-1.372,0.3,-1.266,0.022,5.396,0.023,-157.937,154.11,-174.561,E,2.506,-1.048,-0.043,3.282,-1.175,-0.566,-57.966,-28.915,-59.809,V,-5.812,0.084,-0.228,-1.495,0.711,-1.042,-117.696,19.757,-56.391,S,E,G
1M8N,A,38,A,25,6.876,0.032,-1.585,0.449,2.43,0.689,-5.778,0.714,-2.041,0.039,6.392,0.112,-173.1544516,-82.87677433,-99.2602058,-141.1226821,-81.64088074,-105.858,131.197,-173.154,-116.294,145.321,-81.641,1.449,0.448,-2.338,-0.443,3.077,0.549,-128.07,114.432,-63.182,I,11.229,0.8,-0.316,-0.62,1.3,0.617,-139.687,118.646,-52.72,T,2.015,-0.265,-1.664,1.633,-1.753,0.291,47.65,52.859,-62.395,N,2.922,0.393,-2.508,-0.967,1.436,-0.235,-109.526,95.667,-165.536,Y,E,-
1M8N,A,68,A,56,7.062,-0.029,-1.521,-0.046,2.588,0.927,-8.111,1.257,-2.362,-0.773,8.248,-0.537,-173.093057,-79.60250527,-97.06741767,-143.8224775,-82.34166976,-122.296,125.144,-173.093,-114.948,146.407,-82.342,5.608,0.694,-2.847,-0.881,0.916,0.281,-113.412,130.925,-70.196,T,10.434,1.154,1.131,-0.976,1.844,0.264,-131.458,124.342,-59.389,T,-0.189,0.162,-1.491,1.695,-2.224,-0.264,48.881,46.575,-67.735,D,1.216,0.747,-1.669,-1.153,1.6,-0.736,-113.755,107.355,-175.516,N,E,-
1M8N,A,111,A,98,-2.321,0.301,-0.321,-0.242,-3.652,-1.242,-4.908,0.521,-0.721,-1.216,8.068,-0.533,172.3562086,52.71815625,91.12691345,-90.34324571,-58.62896791,-73.25,119.082,172.356,-126.643,160.52,-58.629,-5.144,-0.226,-0.538,0.306,0.373,0.037,-73.011,-20.632,9999,A,10.867,0.25,-2.215,-2.414,1.109,0.513,-121.043,119.736,-151.32,K,0.902,-0.313,-1.15,-1.019,-4.031,-0.595,58.198,54.195,-41.119,T,3.919,0.516,-1.162,-0.357,0.799,1.134,-119.608,119.167,-49.781,T,-,-
1M8N,A,116,A,93,-3.187,0.417,-0.469,-0.986,6.123,-0.343,-1.137,0.497,-0.649,-1.536,-1.757,-1.373,-52.8118109,-92.37268928,87.96292298,52.99204219,171.9777655,-114.829,158.592,-52.812,-65.035,136.936,171.978,4.021,0.101,0.66,0.941,9999,0.48,63.686,27.544,9999,G,1.123,0.193,-1.239,-1.533,-0.127,0.333,-120.61,114.819,-73.931,S,0.424,0.056,-0.342,0.991,9999,0.523,-106.81,25.943,9999,G,9.61,1.077,-1.313,-2.266,1.529,0.928,-144.215,121.351,-165.403,S,-,E
1F2L,A,50,A,12,2.35,0.478,9999,1.632,5.211,0.734,2.164,0.372,9999,-2.465,-0.675,-0.32,-145.5687595,78.05136756,75.37507312,84.98298797,44.50607925,-91.201,121.542,-84.01,-114.857,145.772,-67.656,-1.139,0.171,9999,-0.853,5.466,0.605,-130.396,147.978,-67.477,F,3.273,0.518,9999,-1.625,5.63,1.326,-129.539,148.522,9999,A,3.992,0.128,9999,-1.111,1.113,-0.124,-144.229,170.244,-169.14,T,3.89,-0.076,9999,0.864,0.712,0.804,-114.615,-71.419,-174.748,S,E,E
2VPF,A,68,A,26,4.256,0.096,-0.879,-1.431,-5.088,9999,9.386,0.116,-2.953,-0.069,-3.07,9999,-177.7893176,62.81950047,84.29197219,58.52977233,179.22939,-85.888,113.662,176.951,-31.993,115.523,174.834,-0.409,0.354,-2.742,-3.241,3.04,9999,-133.508,146.933,53.074,E,3.233,0.794,-2.242,-3.447,3.028,9999,-130.658,154.788,54.013,V,2.635,-0.323,-0.404,1.496,-0.099,9999,-56.443,138.498,-164.824,Y,4.719,0.281,-3.968,0.752,-2.796,9999,-166.511,163.035,75.186,H,E,S
2VPF,A,102,A,57,3.282,0.941,-1.553,-1.772,7.64,9999,7.462,-0.316,-0.009,1.427,-1.235,9999,-49.5826464,-86.67410436,-100.2625803,-55.62932538,-74.40647515,-129.626,163.184,-44.786,-56.789,139.208,-67.604,-1.64,0.18,-1.031,-0.239,4.879,9999,-142.284,144.083,-87.073,K,0.714,0.299,-2.878,-1.402,4.781,9999,-152.065,153.662,86.487,E,6.187,0.249,-0.35,-4.231,4.461,9999,-141.457,147.318,-64.435,R,1.223,0.063,-4.387,-0.661,9999,9999,-156.757,177.049,9999,G,E,E
2VPF,A,104,A,61,2.231,0.664,-0.771,1.319,5.288,9999,-1.802,-0.064,0.162,-1.802,4.252,9999,-73.23961979,-85.40855429,-90.34999257,-68.15355645,-67.96202597,-93.122,117.034,-73.788,-101.503,-6.611,-72.162,0.714,0.299,-2.878,-1.402,4.781,9999,-152.065,153.662,86.487,E,2.867,0.669,-1.815,-1.967,3.312,9999,-117.59,149.061,-100.893,R,-5.828,0.606,0.355,-3.367,9999,9999,-112.919,163.029,37.122,c,9999,-0.032,-2.257,2.018,-0.644,9999,61.83,43.871,-62.541,N,E,-
1I1J,A,17,A,12,2.453,0.061,9999,2.785,5.389,9999,1.307,0.44,9999,-2.481,9.579,9999,-50.82164748,-91.35544,78.00043237,-174.5452432,-64.96728179,55.609,37.395,-52.74,-132.612,175.514,-71.459,-6.044,0.11,9999,-0.83,-0.59,9999,-90.173,-5.503,-66.021,E,-2.794,-0.066,9999,0.885,2.269,9999,-95.713,-17.953,71.962,S,1.263,0.925,9999,-1.852,1.892,9999,-110.239,132.442,-73.294,L,-1.04,0.2,9999,1.513,0.59,9999,-84.015,-19.629,9999,A,<,E
1EPF,A,77,A,22,6.563,-0.105,-1.308,-3.353,3.029,0.7,9.513,0.589,-1.847,-2.424,0.338,1.353,179.9115062,-159.9643001,-89.427391,173.8023923,-178.8560235,-107.747,109.251,-179.362,-92.25,115.289,174.654,-0.502,1.042,-2.008,-1.804,4.769,0.54,-130.03,134.197,-170.16,K,5.239,0.511,0.542,-1.567,3.297,1.061,-103.935,124.825,-58.066,V,6.027,0.799,-0.941,-0.673,3.237,0.931,-93.071,119.573,175.258,L,4.808,0.593,-1.217,-1.976,3.851,0.877,-114.382,127.835,-175.589,Q,E,E
1OB1,A,88,A,23,3.781,1.024,0.718,-2.883,0.145,0.549,6.03,-0.625,-0.263,0.706,1.43,0.9,58.34955908,160.4769293,72.63671216,129.6007317,171.8017999,-98.839,148.823,-56.834,-73.55,147.97,-81.105,4.501,0.529,-2.169,-1.823,5.022,0.771,-125.314,138.621,159.004,E,3.248,0.27,-1.842,-0.032,5.834,0.389,-150.503,144.596,-100.287,K,9999,0.153,-0.303,-0.754,-0.124,9999,-74.99,123.76,179.278,Q,-1.68,0.289,0.619,-0.095,2.554,1.967,-123.979,-59.046,-63.958,V,G,T
1OB1,A,193,A,133,1.12,0.893,0.091,-3.744,-0.135,0.299,-0.636,-0.223,0.944,-2.708,-4.163,-0.439,-177.0983955,177.4260602,-89.54907045,171.5538394,-172.0566573,-115.463,155.468,-57.768,-74.698,152.842,-59.488,4.042,0.148,-2.479,-1.271,2.773,0.556,-120.084,137.295,-70.002,T,2.304,0.419,-0.778,-1.812,3.261,0.076,-155.303,118.651,-173.589,E,-2.924,-0.009,1.151,-0.692,9999,-0.101,103.081,-1.767,9999,G,0.898,-0.668,-0.388,1.759,4.098,-0.189,-51.231,155.27,-171.551,D,-,+
1UV0,A,137,A,120,5.4,-0.194,1.313,1.108,4.254,0.279,0.812,0.454,-2.939,3.483,6.633,0.224,-62.50016164,-73.94296046,101.5168386,85.38335222,-75.98207124,-51.06,-30.747,-62.5,-132.573,160.406,-75.982,3.743,0.179,-1.632,0.438,-0.609,-1.09,-58.913,112.911,-175.088,N,-4.219,-0.054,0.191,0.796,0.037,0.273,-78.378,-10.895,-60.076,N,-4.236,0.388,-2.041,-1.474,-2.561,0.427,-108.929,16.022,-55.862,H,-1.978,1.371,-3.79,-0.911,3.888,-0.125,-121.216,143.972,9999,A,T,E
1UV0,A,145,A,42,2.337,0.896,-1.829,-4.277,-2.458,0.842,0.997,-0.366,1.889,-1.139,-6.571,0.165,-65.3018353,-55.86257998,-82.10286092,-49.14558566,-67.27551814,-105.348,147.867,-65.302,-63.216,-33.504,-67.275,-1.963,-1.706,0.259,-3.114,2.462,-1.273,-116.69,132.276,-66.061,V,2.92,0.682,-2.51,-1.951,5.128,0.673,-125.859,126.407,176.83,K,0.888,-0.528,4.958,2.454,-1.875,-0.503,-63.811,-41.849,9999,A,-3.241,-0.189,0.08,1.173,-0.315,-0.797,-65.601,-9.973,-64.299,Q,E,H
3RN3,A,72,A,65,-3.476,1.187,-1.069,3.034,5.22,-1.555,3.221,-0.046,3.451,-3.857,0.446,0.381,-89.89777156,94.20056846,108.5776544,-61.04520104,-55.50182793,-100.446,151.488,-88.019,-72.791,161.999,-56.415,0.887,0.328,-1.932,-0.572,-1.525,0.464,-104.404,33.477,61.824,N,0.072,0.53,-3.523,-1.326,6.671,0.375,-136.768,136.366,-64.986,Y,-3.384,-0.041,1.974,-0.286,-0.197,-0.459,-77.54,141.635,9999,A,7.703,-0.271,1.705,3.246,-0.267,2.529,-59.597,-28.977,100.05,K,E,>
3RN3,A,84,A,26,4.587,1.348,-1.022,-4.576,-1.449,0.166,-3.334,-0.652,1.186,5.41,-0.576,-0.586,-65.36270349,-54.4185926,-80.82413898,-85.34340216,-69.00113479,-116.452,119.94,-62.821,-61.619,-46.381,-71.904,7.253,0.205,-1.829,-0.78,3.544,0.899,-97.807,131.539,-118.526,D,-0.616,1.262,-1.066,-2.006,3.675,-0.372,-127.637,134.374,-176.721,R,2.257,-0.387,1.136,3.478,1.609,-0.484,-54.255,-51.973,177.258,Y,-1.794,-0.156,2.666,2.868,-0.585,-0.526,-52.607,-48.66,-75.648,N,E,H
3RN3,A,95,A,40,3.754,0.285,-0.089,-2.249,-1.202,-0.625,-0.181,0.12,-0.407,-3.349,-3.799,0.708,-58.5165165,-66.86546716,-82.93659145,-51.20367712,-62.12770673,-69.777,137.03,-56.749,-82.378,110.388,-60.793,13.984,0.371,-0.987,-1.56,-0.28,0.431,-88.379,75.049,-53.205,N,4.848,0.387,-1.733,-0.543,3.678,0.279,-127.341,134.527,9999,A,-2.952,-0.719,-2.25,-2.079,1.254,-0.351,-167.875,168.348,73.02,R,8.822,0.182,1.951,0.654,2.019,-0.789,-66.221,128.502,-112.582,K,-,-
3RN3,A,110,A,58,3.359,0.802,-2.521,-0.118,-0.33,-0.028,-7.709,-1.147,-2.255,-1.036,-0.268,-1.736,-53.66165041,-125.4192843,-92.051672,-59.92153427,-71.84888931,-117.249,152.289,-54.774,-65.12,-5.14,-69.7,-0.584,1.029,0.374,-1.886,2.903,-0.009,-104.606,133.896,9999,A,-0.88,0.39,-1.066,-0.478,6.349,-0.037,-155.129,162.735,-63.929,E,2.698,-1.028,0.157,3.182,-0.222,-0.556,-62.502,-23.785,-64.866,V,-5.12,0.134,-0.128,-1.595,0.964,-0.962,-125.971,23.412,76.385,S,E,G
2FX5,A,96,A,34,-1.395,9999,1.6,2.538,0.379,-0.797,-2.461,9999,-2.179,-1.612,4.797,-1.108,-66.59713812,-63.95670613,-99.70901398,-84.28140453,-50.34855669,-69.701,-37.153,-66.597,-123.524,140.493,-50.349,1.841,9999,9999,3.094,-1.462,-0.013,-59.32,-36.625,9999,A,-0.322,9999,9999,3.273,-1.909,-1.021,-59.787,-50.408,-178.849,L,0.029,9999,-1.021,-0.096,-2.194,-0.155,66.987,59.738,-61.422,S,6.087,9999,-1.939,-1.343,0.26,1.574,-108.849,117.524,179.833,R,H,E
1VAP,A,81,A,57,2.779,-0.246,1.908,5.629,-0.514,-0.635,-4.485,0.261,-3.458,1.231,-4.168,-0.722,-166.0283204,-86.49315432,-95.08759749,-76.4394501,66.23310395,-68.542,-43.864,-163.481,-165.65,169.01,64.646,9999,-0.179,1.764,3.068,0.363,9999,-66.383,-33.601,-7.243,P,-2.493,-0.357,1.262,5.106,0.472,-0.561,-66.819,-35.544,-75.178,K,1.047,0.064,-0.585,0.534,9999,0.159,99.919,7.506,9999,G,-0.221,0.495,-1.093,-1.375,2.297,0.602,-105.943,107.937,-169.267,N,H,S
1VAP,A,86,A,75,-0.966,-1.95,0.877,4.601,-1.663,-1.169,8.222,0.256,-0.461,0.492,-0.008,0.559,-178.3820398,-92.72002377,-82.39845517,-63.93597413,-76.18442808,-56.811,-45.522,-175.05,-92.381,111.102,-74.111,-0.752,-0.888,1.198,5.637,0.541,-0.523,-61.865,-46.163,-55.123,I,-1.796,-0.325,4.422,2.988,-1.439,0.066,-58.835,-43.591,-72.66,E,8.873,0.15,0.455,-0.699,1.645,0.923,-107.864,128.871,172.981,V,1.273,0.244,-0.627,-0.521,9999,-0.448,-112.195,-152.107,9999,G,H,E
1VAP,A,88,A,50,-0.266,-0.026,3.863,0.418,-4.342,-0.178,3.63,-0.627,4.02,6.001,-3.968,0.13,-63.50896806,-55.54750678,-79.53624037,-90.42469653,-162.3924977,-62.431,-54.438,-67.341,-58.193,-47.367,-162.294,-1.796,-0.325,4.422,2.988,-1.439,0.066,-58.835,-43.591,-72.66,E,5.872,-0.663,-0.358,3.861,-1.355,-0.285,-58.485,-48.068,-73.922,D,2.686,-0.373,1.953,2.294,-3.413,-0.064,-62.973,-43.185,-70.669,c,-1.813,-0.17,3.137,0.679,-2.044,-0.362,-64.737,-39.875,-89.604,Y,H,H
1VAP,A,95,A,43,0.869,-0.443,4.477,5.368,-4.898,-0.596,1.468,-0.341,4.589,1.513,-3.39,0.138,-174.573961,-75.43037156,-80.28698415,-51.03160189,-74.11092801,-63.269,-38.613,-172.505,-56.831,-43.546,-66.882,-0.848,-0.657,0.135,4.546,0.311,-0.339,-68.239,-41.284,-72.409,I,-0.427,-0.011,3.703,0.386,-1.722,0.321,-64.269,-41.366,-65.157,F,0.356,-0.303,1.75,4.421,-1.399,0.519,-71.214,-33.886,-164.557,R,0.557,-0.525,0.737,3.634,3.873,-0.422,-68.955,-36.801,-66.421,c,H,H