PDB,x1,x3,x1_array,cys1_phi,cys1_psi,cys1_before_psi,cys1_ss_array,cys1_Ha,cys1_Ca,cys1_Cb,cys1_N,cys1_Hn,cys1_before Ca,cys1_after Ca,cys1_before Ha,cys1_after Ha,cys1_b_residue_array,cys1_a_residue_array,cys1_residue
1TOL,-60.0,90.0,"1,0.0,0.0",-56.51,-40.015,-44.115,"1,0.0,0.0",-0.047,0.28,-3.068,-2.521,0.612,2.632,3.336,-0.76,-0.334,"0.0,0.0,0.0,0.0,0.0,1,0.0","0.0,1,0.0,0.0,0.0,0.0,0.0",180
1F5W,180.0,-90.0,"0.0,1,0.0",-98.383,120.513,127.894,"0.0,1,0.0",-1.207,-2.566,3.523,8.025,0.257,-2.28,-1.222,0.986,0.559,"0.0,1,0.0,0.0,0.0,0.0,0.0","1,0.0,0.0,0.0,0.0,0.0,0.0",120
2ALP,-60.0,-90.0,"1,0.0,0.0",-70.32,-29.061,-10.776,"1,0.0,0.0",-0.593,4.385,4.35,-2.069,0.0,1.292,-0.342,-0.902,-1.182,"1,0.0,0.0,0.0,0.0,0.0,0.0","1,0.0,0.0,1,0.0,0.0,0.0",58
2ALP,-60.0,90.0,"1,0.0,0.0",-123.443,158.563,145.897,"0.0,1,0.0",0.637,0.423,7.513,-0.97,0.0,-2.587,0.958,0.356,0.178,"0.0,1,0.0,0.0,0.0,0.0,0.0","1,0.0,0.0,1,0.0,0.0,0.0",159
1TPX,-60.0,-90.0,"1,0.0,0.0",-68.884,-36.418,-35.175,"0.0,1,0.0",-0.318,3.775,0.997,1.225,0.959,4.049,5.151,-0.196,-0.627,"0.0,0.0,0.0,0.0,0.0,0.0,1","0.0,0.0,0.0,0.0,0.0,1,0.0",217
1QQY,-60.0,90.0,"1,0.0,0.0",-55.673,-33.788,135.039,"1,0.0,0.0",-0.157,0.008,-3.171,3.834,0.204,-1.433,0.0,0.437,-0.65,"0.0,0.0,0.0,0.0,0.0,0.0,1","0.0,1,0.0,0.0,0.0,0.0,0.0",80
1QQY,180.0,90.0,"0.0,1,0.0",-70.462,-38.754,-39.373,"1,0.0,0.0",0.335,-0.147,-5.581,-0.449,-0.133,3.16,3.544,-0.571,-0.526,"0.0,0.0,0.0,0.0,0.0,1,0.0","0.0,0.0,0.0,0.0,0.0,1,0.0",94
1QQY,-60.0,-90.0,"1,0.0,0.0",-119.191,-43.372,-8.747,"0.0,0.0,1",-0.277,-0.524,4.93,-2.498,-0.782,-0.633,1.472,-0.242,-1.009,"1,0.0,0.0,0.0,0.0,0.0,0.0","1,0.0,0.0,0.0,0.0,0.0,0.0",115
1IEE,-60.0,90.0,"1,0.0,0.0",-58.426,-32.842,141.01,"1,0.0,0.0",-0.735,1.397,-2.53,0.0,-0.263,-1.101,2.684,0.677,-0.665,"0.0,0.0,0.0,0.0,1,0.0,0.0","0.0,1,0.0,0.0,0.0,0.0,0.0",80
1IEE,180.0,90.0,"0.0,1,0.0",-71.163,-42.363,-41.758,"1,0.0,0.0",0.365,0.201,-5.875,0.0,-0.345,2.877,3.624,-0.421,-0.236,"0.0,1,0.0,0.0,0.0,0.0,0.0","0.0,0.0,0.0,0.0,0.0,1,0.0",94
1IEE,-60.0,-90.0,"1,0.0,0.0",-112.826,-45.185,-19.913,"0.0,0.0,1",-0.11,5.281,4.888,0.0,-1.042,-1.4,2.142,0.047,-0.829,"1,0.0,0.0,0.0,0.0,0.0,0.0","1,0.0,0.0,0.0,0.0,0.0,0.0",115
2J4T,-60.0,-90.0,"1,0.0,0.0",-109.755,118.074,132.505,"0.0,1,0.0",0.974,-3.558,-2.399,6.848,0.361,0.753,-1.329,0.432,0.973,"0.0,1,0.0,0.0,0.0,0.0,0.0","0.0,1,0.0,0.0,0.0,0.0,0.0",79
2J4T,-60.0,-90.0,"1,0.0,0.0",-119.586,148.941,137.418,"0.0,1,0.0",0.869,-0.348,8.224,2.894,0.581,-1.987,-0.66,0.542,0.196,"0.0,0.0,0.0,0.0,0.0,1,0.0","0.0,0.0,0.0,0.0,0.0,0.0,0.0",105
1IWT,-60.0,90.0,"1,0.0,0.0",-60.1,-22.936,141.808,"1,0.0,0.0",-0.758,1.313,-3.128,5.608,0.064,-1.018,2.99,0.547,-0.572,"0.0,1,0.0,0.0,0.0,0.0,0.0","0.0,1,0.0,0.0,0.0,0.0,0.0",81
1IWT,180.0,90.0,"0.0,1,0.0",-70.204,-40.034,-41.119,"1,0.0,0.0",0.327,-0.62,-5.641,-0.756,0.004,3.556,3.956,-0.508,-0.552,"0.0,0.0,0.0,0.0,0.0,1,0.0","0.0,0.0,0.0,0.0,0.0,1,0.0",95
1IWT,-60.0,-90.0,"1,0.0,0.0",-130.442,-42.845,-12.362,"0.0,0.0,1",-0.282,-0.973,3.504,-3.206,-1.045,-1.528,1.535,-0.274,-1.108,"1,0.0,0.0,0.0,0.0,0.0,0.0","0.0,1,0.0,0.0,0.0,0.0,0.0",116
5PTI,180.0,-90.0,"0.0,1,0.0",-58.326,-51.725,-48.198,"1,0.0,0.0",-2.848,3.176,1.395,1.701,-1.202,3.26,1.213,-0.225,-0.167,"1,0.0,0.0,0.0,0.0,0.0,0.0","0.0,0.0,0.0,0.0,0.0,0.0,1",51
5PTI,-60.0,-90.0,"1,0.0,0.0",-112.546,-16.227,-43.132,"1,0.0,0.0",-0.09,-1.347,1.578,-5.349,-0.245,3.758,1.519,-0.167,-0.107,"0.0,1,0.0,0.0,0.0,0.0,0.0","1,0.0,0.0,1,0.0,0.0,0.0",55
1OK3,180.0,90.0,"0.0,1,0.0",-79.557,117.092,139.945,"0.0,1,0.0",-0.836,-0.552,-2.76,7.126,0.19,-1.051,-0.391,1.298,0.16,"0.0,1,0.0,0.0,0.0,0.0,0.0","0.0,0.0,0.0,0.0,0.0,1,0.0",113
1XAK,180.0,90.0,"0.0,1,0.0",-68.299,119.451,133.977,"0.0,0.0,1",-0.457,2.657,-0.34,2.781,0.742,1.046,-2.158,0.084,-0.031,"0.0,1,0.0,0.0,0.0,0.0,0.0","0.0,1,0.0,0.0,0.0,0.0,0.0",43
2QYP,-60.0,-90.0,"1,0.0,0.0",-73.143,-25.109,-49.24,"1,0.0,0.0",-0.693,4.344,1.389,-4.857,0.711,5.258,2.358,-0.717,0.073,"0.0,0.0,0.0,0.0,0.0,1,0.0","0.0,1,0.0,0.0,0.0,0.0,0.0",72
1M9Z,-60.0,90.0,"1,0.0,0.0",-140.059,151.58,159.19,"0.0,1,0.0",0.141,-2.177,5.824,-0.628,0.934,-0.993,-2.451,0.806,1.059,"0.0,1,0.0,0.0,0.0,0.0,0.0","0.0,0.0,0.0,0.0,0.0,0.0,1",44
1M9Z,180.0,90.0,"0.0,1,0.0",-94.526,124.41,26.956,"0.0,0.0,1",0.361,-1.971,-3.297,-1.972,-0.199,1.13,0.289,-0.409,-0.03,"0.0,1,0.0,0.0,0.0,0.0,0.0","0.0,1,0.0,0.0,0.0,0.0,0.0",48
1M9Z,-60.0,-90.0,"1,0.0,0.0",-87.393,146.079,171.553,"0.0,1,0.0",0.518,-2.932,-5.398,-5.438,-0.315,-3.844,-1.905,0.792,0.96,"0.0,0.0,0.0,0.0,0.0,1,0.0","0.0,0.0,0.0,0.0,0.0,1,0.0",61
1M9Z,-60.0,-90.0,"1,0.0,0.0",-85.731,147.807,166.065,"0.0,1,0.0",0.716,1.777,7.252,0.0,0.0,-3.344,-0.325,-0.087,0.1,"0.0,0.0,0.0,0.0,0.0,1,0.0","1,0.0,0.0,0.0,0.0,0.0,0.0",78
1M9Z,60.0,90.0,"0.0,0.0,1",-69.59,-24.339,28.106,"1,0.0,0.0",-0.074,3.157,6.153,-1.815,-0.211,2.092,-0.922,-0.897,-0.342,"0.0,0.0,0.0,0.0,0.0,0.0,0.0","0.0,1,0.0,0.0,0.0,0.0,0.0",120
2GMF,-60.0,-90.0,"1,0.0,0.0",-113.961,81.387,74.564,"0.0,0.0,1",0.138,-2.867,1.02,3.192,0.158,-1.57,0.633,0.065,-0.018,"0.0,1,0.0,0.0,0.0,0.0,0.0","0.0,0.0,0.0,0.0,0.0,1,0.0",96
1KCQ,-60.0,90.0,"1,0.0,0.0",-121.089,136.813,131.826,"0.0,1,0.0",0.797,0.489,4.443,4.619,-1.179,-1.06,0.091,0.908,-0.354,"0.0,0.0,0.0,0.0,0.0,0.0,1","1,0.0,0.0,1,0.0,0.0,0.0",201
1BYF,-60.0,90.0,"1,0.0,0.0",-93.766,1.472,165.097,"0.0,0.0,1",-0.033,3.447,6.341,2.006,0.0,0.673,0.309,0.394,0.178,"1,0.0,0.0,1,0.0,0.0,0.0","1,0.0,0.0,1,0.0,0.0,0.0",111
1DQE,180.0,-90.0,"0.0,1,0.0",-58.731,-45.597,-44.262,"1,0.0,0.0",-0.479,3.589,4.312,1.739,0.334,3.628,3.444,-0.52,-0.657,"0.0,0.0,0.0,0.0,0.0,0.0,1","0.0,0.0,0.0,0.0,0.0,1,0.0",54
1DQE,180.0,-90.0,"0.0,1,0.0",-70.063,-42.945,-34.872,"1,0.0,0.0",-0.337,3.574,-5.419,4.155,-0.468,5.061,2.845,-0.471,-0.494,"0.0,1,0.0,0.0,0.0,0.0,0.0","0.0,0.0,0.0,0.0,0.0,0.0,1",117
2D1Z,-60.0,90.0,"1,0.0,0.0",-70.991,133.523,131.374,"0.0,0.0,1",0.718,1.113,4.182,5.952,0.976,1.873,-1.148,-0.144,0.344,"1,0.0,0.0,0.0,0.0,0.0,0.0","1,0.0,0.0,0.0,0.0,0.0,0.0",342
2D1Z,-60.0,90.0,"1,0.0,0.0",-67.114,133.19,138.476,"0.0,0.0,1",0.436,0.268,2.728,5.158,0.03,2.618,-1.362,0.069,0.46,"0.0,1,0.0,0.0,0.0,0.0,0.0","0.0,0.0,0.0,0.0,0.0,0.0,1",382
2D1Z,-60.0,90.0,"1,0.0,0.0",-59.717,136.461,131.14,"0.0,0.0,1",0.565,0.987,2.778,7.039,0.744,1.218,-1.446,-0.201,0.276,"0.0,1,0.0,0.0,0.0,0.0,0.0","0.0,1,0.0,0.0,0.0,0.0,0.0",425
2FD9,-60.0,-90.0,"1,0.0,0.0",-70.99,-36.804,-46.827,"1,0.0,0.0",-0.092,1.122,-2.525,-1.587,-0.502,2.516,4.347,-0.2,-0.43,"0.0,0.0,0.0,0.0,0.0,1,0.0","0.0,0.0,0.0,0.0,0.0,1,0.0",26
2FD9,-60.0,90.0,"1,0.0,0.0",-69.937,157.896,1.546,"0.0,0.0,1",0.415,2.937,7.263,-0.203,-0.269,0.458,-1.911,0.253,0.523,"1,0.0,0.0,1,0.0,0.0,0.0","0.0,0.0,0.0,0.0,0.0,1,0.0",32
2FD9,-60.0,-90.0,"1,0.0,0.0",-98.762,152.734,96.478,"0.0,0.0,1",0.137,-0.472,0.515,4.681,0.54,-1.501,-0.097,0.171,0.1,"0.0,1,0.0,0.0,0.0,0.0,0.0","0.0,0.0,0.0,0.0,1,0.0,0.0",40
3BPO,180.0,90.0,"0.0,1,0.0",-122.875,125.397,-5.485,"0.0,0.0,1",0.572,-1.37,3.689,0.705,-0.79,0.659,1.06,-0.215,0.14,"0.0,0.0,0.0,0.0,0.0,0.0,1","0.0,0.0,0.0,0.0,1,0.0,0.0",71
1ZLH,-60.0,90.0,"1,0.0,0.0",-70.456,129.188,132.295,"0.0,0.0,1",0.769,-0.275,-3.124,11.166,1.093,-1.344,0.0,0.264,0.59,"0.0,0.0,0.0,0.0,0.0,0.0,0.0","0.0,1,0.0,0.0,0.0,0.0,0.0",161
1NCO,-60.0,90.0,"1,0.0,0.0",-109.769,169.214,122.769,"0.0,1,0.0",1.036,1.083,7.801,2.233,0.901,-2.073,-1.575,0.542,0.779,"0.0,0.0,0.0,0.0,0.0,1,0.0","0.0,1,0.0,0.0,0.0,0.0,0.0",47
1NCO,-60.0,-90.0,"1,0.0,0.0",-85.575,149.287,81.709,"0.0,1,0.0",0.704,-1.466,2.552,5.487,0.965,-0.639,-1.712,0.417,1.123,"0.0,0.0,0.0,0.0,0.0,1,0.0","0.0,1,0.0,0.0,0.0,0.0,0.0",93
1Y62,180.0,-90.0,"0.0,1,0.0",-68.144,-40.585,-35.029,"1,0.0,0.0",-2.611,2.754,3.803,2.802,-1.52,2.934,2.616,-0.239,-0.638,"1,0.0,0.0,0.0,0.0,0.0,0.0","0.0,1,0.0,0.0,0.0,0.0,0.0",53
1Z40,180.0,90.0,"0.0,1,0.0",-107.334,118.887,134.63,"0.0,1,0.0",0.621,-2.302,-3.03,5.952,1.477,-2.526,-1.199,0.629,0.592,"1,0.0,0.0,0.0,0.0,0.0,0.0","0.0,0.0,0.0,0.0,0.0,0.0,0.0",409
1Z40,60.0,90.0,"0.0,0.0,1",-167.427,174.662,10.687,"0.0,1,0.0",-0.413,-0.745,4.697,-3.865,-0.34,-2.804,0.8,0.23,-0.211,"0.0,1,0.0,0.0,0.0,0.0,0.0","0.0,0.0,0.0,0.0,0.0,1,0.0",418
1UUH,-60.0,-90.0,"1,0.0,0.0",-127.855,124.345,-6.773,"0.0,1,0.0",0.004,-2.021,2.153,-1.63,-0.993,0.008,0.71,0.304,-0.725,"0.0,0.0,0.0,0.0,0.0,1,0.0","0.0,0.0,0.0,0.0,0.0,1,0.0",97
1UUH,-60.0,-90.0,"1,0.0,0.0",-139.471,151.178,154.577,"0.0,1,0.0",0.712,-4.107,1.265,-4.487,0.107,-1.271,-1.556,1.05,0.842,"0.0,0.0,0.0,0.0,0.0,0.0,1","0.0,0.0,0.0,0.0,0.0,0.0,1",118
1KNL,-60.0,90.0,"1,0.0,0.0",-69.023,138.549,132.02,"0.0,0.0,1",0.614,1.233,4.551,4.615,0.821,2.214,-1.11,-0.137,0.377,"1,0.0,0.0,0.0,0.0,0.0,0.0","1,0.0,0.0,0.0,0.0,0.0,0.0",35
1KNL,-60.0,90.0,"1,0.0,0.0",-74.286,135.031,136.12,"0.0,0.0,1",0.416,0.455,3.095,4.677,0.073,2.76,-1.253,0.048,0.44,"0.0,1,0.0,0.0,0.0,0.0,0.0","0.0,0.0,0.0,0.0,0.0,0.0,1",75
1KNL,-60.0,90.0,"1,0.0,0.0",-62.831,123.473,128.311,"0.0,0.0,1",0.531,1.177,2.731,8.606,0.877,2.287,-1.056,-0.411,0.225,"0.0,1,0.0,0.0,0.0,0.0,0.0","0.0,1,0.0,0.0,0.0,0.0,0.0",118
1B88,180.0,-90.0,"0.0,1,0.0",-107.395,134.731,138.821,"0.0,1,0.0",-1.424,-2.968,3.221,3.368,-0.973,-0.312,-2.276,0.572,0.548,"0.0,0.0,0.0,0.0,0.0,0.0,1","0.0,0.0,0.0,0.0,0.0,1,0.0",90
2Z3Q,-60.0,-90.0,"1,0.0,0.0",-83.074,118.369,140.958,"0.0,0.0,1",-0.547,-1.217,-2.2,7.247,-0.134,-2.697,-3.535,1.651,0.442,"0.0,0.0,0.0,0.0,0.0,0.0,0.0","0.0,0.0,0.0,0.0,0.0,1,0.0",85
1N0S,180.0,-90.0,"0.0,1,0.0",-135.297,139.184,144.714,"0.0,1,0.0",0.568,0.311,4.167,1.583,0.422,-1.882,-1.772,0.329,0.707,"0.0,1,0.0,0.0,0.0,0.0,0.0","1,0.0,0.0,0.0,0.0,0.0,0.0",115
1N0S,-60.0,90.0,"1,0.0,0.0",-91.012,-1.783,-33.827,"1,0.0,0.0",0.154,-1.757,2.493,-2.994,-0.369,2.161,1.213,-0.193,-0.24,"0.0,0.0,0.0,0.0,0.0,1,0.0","1,0.0,0.0,0.0,0.0,0.0,0.0",170
3EZM,-60.0,90.0,"1,0.0,0.0",-115.262,150.762,112.759,"0.0,1,0.0",0.863,0.182,5.351,2.637,0.0,0.331,0.525,0.587,0.78,"0.0,1,0.0,0.0,0.0,0.0,0.0","0.0,0.0,0.0,0.0,0.0,0.0,0.0",22
3EZM,-60.0,90.0,"1,0.0,0.0",-116.757,147.977,114.082,"0.0,1,0.0",1.006,0.042,4.899,2.733,0.0,-1.71,0.313,1.125,-0.236,"0.0,0.0,0.0,0.0,0.0,0.0,0.0","1,0.0,0.0,0.0,0.0,0.0,0.0",73
1TN3,-60.0,-90.0,"1,0.0,0.0",-95.265,151.224,128.177,"0.0,1,0.0",0.746,-3.797,-2.388,3.714,0.654,-1.057,-2.528,0.919,1.276,"0.0,0.0,0.0,0.0,0.0,1,0.0","0.0,1,0.0,0.0,0.0,0.0,0.0",176
2E3W,-60.0,-90.0,"1,0.0,0.0",-115.993,124.032,132.754,"0.0,1,0.0",1.348,-4.376,-2.302,4.295,0.186,-0.58,-1.806,0.235,1.222,"1,0.0,0.0,0.0,0.0,0.0,0.0","1,0.0,0.0,0.0,0.0,0.0,0.0",84
1M8N,180.0,90.0,"0.0,1,0.0",-73.25,119.082,-20.632,"0.0,0.0,1",0.301,-0.242,-3.652,-2.321,-1.242,0.306,-2.414,-0.226,0.25,"0.0,0.0,0.0,0.0,0.0,1,0.0","1,0.0,0.0,0.0,0.0,0.0,0.0",111
1M8N,-60.0,90.0,"1,0.0,0.0",-114.829,158.592,27.544,"0.0,0.0,1",0.417,-0.986,6.123,-3.187,-0.343,0.941,-1.533,0.101,0.193,"1,0.0,0.0,1,0.0,0.0,0.0","0.0,1,0.0,0.0,0.0,0.0,0.0",116
2VPF,180.0,90.0,"0.0,1,0.0",-85.888,113.662,146.933,"0.0,1,0.0",0.096,-1.431,-5.088,4.256,0.0,-3.241,-3.447,0.354,0.794,"0.0,0.0,0.0,0.0,0.0,0.0,0.0","0.0,0.0,0.0,0.0,0.0,1,0.0",68
2VPF,-60.0,-90.0,"1,0.0,0.0",-129.626,163.184,144.083,"0.0,1,0.0",0.941,-1.772,7.64,3.282,0.0,-0.239,-1.402,0.18,0.299,"1,0.0,0.0,0.0,0.0,0.0,0.0","0.0,0.0,0.0,0.0,0.0,0.0,0.0",102
2VPF,-60.0,-90.0,"1,0.0,0.0",-93.122,117.034,153.662,"0.0,1,0.0",0.664,1.319,5.288,2.231,0.0,-1.402,-1.967,0.299,0.669,"0.0,0.0,0.0,0.0,0.0,0.0,0.0","1,0.0,0.0,0.0,0.0,0.0,0.0",104
1I1J,-60.0,90.0,"1,0.0,0.0",55.609,37.395,-5.503,"0.0,0.0,1",0.061,2.785,5.389,2.453,0.0,-0.83,0.885,0.11,-0.066,"0.0,0.0,0.0,0.0,0.0,0.0,0.0","0.0,1,0.0,0.0,0.0,0.0,0.0",17
1EPF,180.0,-90.0,"0.0,1,0.0",-107.747,109.251,134.197,"0.0,1,0.0",-0.105,-3.353,3.029,6.563,0.7,-1.804,-1.567,1.042,0.511,"1,0.0,0.0,0.0,0.0,0.0,0.0","0.0,0.0,0.0,0.0,0.0,1,0.0",77
1OB1,180.0,-90.0,"0.0,1,0.0",-115.463,155.468,137.295,"0.0,0.0,1",0.893,-3.744,-0.135,1.12,0.299,-1.271,-1.812,0.148,0.419,"0.0,1,0.0,0.0,0.0,0.0,0.0","0.0,0.0,0.0,0.0,0.0,0.0,0.0",193
1UV0,-60.0,90.0,"1,0.0,0.0",-51.06,-30.747,112.911,"0.0,0.0,1",-0.194,1.108,4.254,5.4,0.279,0.438,0.796,0.179,-0.054,"0.0,1,0.0,0.0,0.0,0.0,0.0","0.0,1,0.0,0.0,0.0,0.0,0.0",137
1UV0,-60.0,-90.0,"1,0.0,0.0",-105.348,147.867,132.276,"0.0,1,0.0",0.896,-4.277,-2.458,2.337,0.842,-3.114,-1.951,-1.706,0.682,"0.0,0.0,0.0,0.0,0.0,1,0.0","1,0.0,0.0,0.0,0.0,0.0,0.0",145
3RN3,-60.0,90.0,"1,0.0,0.0",-100.446,151.488,33.477,"0.0,1,0.0",1.187,3.034,5.22,-3.476,-1.555,-0.572,-1.326,0.328,0.53,"0.0,1,0.0,0.0,0.0,0.0,0.0","0.0,0.0,0.0,0.0,0.0,0.0,1",72
3RN3,-60.0,-90.0,"1,0.0,0.0",-116.452,119.94,131.539,"0.0,1,0.0",1.348,-4.576,-1.449,4.587,0.166,-0.78,-2.006,0.205,1.262,"1,0.0,0.0,0.0,0.0,0.0,0.0","1,0.0,0.0,0.0,0.0,0.0,0.0",84
3RN3,-60.0,-90.0,"1,0.0,0.0",-69.777,137.03,75.049,"0.0,0.0,1",0.285,-2.249,-1.202,3.754,-0.625,-1.56,-0.543,0.371,0.387,"0.0,1,0.0,0.0,0.0,0.0,0.0","0.0,0.0,0.0,0.0,0.0,1,0.0",95
1VAP,180.0,-90.0,"0.0,1,0.0",-68.542,-43.864,-33.601,"1,0.0,0.0",-0.246,5.629,-0.514,2.779,-0.635,3.068,5.106,-0.179,-0.357,"0.0,0.0,0.0,0.0,1,0.0,0.0","1,0.0,0.0,0.0,0.0,0.0,0.0",81
1VAP,180.0,-90.0,"0.0,1,0.0",-56.811,-45.522,-46.163,"1,0.0,0.0",-1.95,4.601,-1.663,-0.966,-1.169,5.637,2.988,-0.888,-0.325,"0.0,0.0,0.0,0.0,0.0,1,0.0","0.0,0.0,0.0,0.0,0.0,0.0,0.0",86
1VAP,-60.0,-90.0,"1,0.0,0.0",-62.431,-54.438,-43.591,"1,0.0,0.0",-0.026,0.418,-4.342,-0.266,-0.178,2.988,3.861,-0.325,-0.663,"0.0,0.0,0.0,0.0,0.0,0.0,0.0","1,0.0,0.0,0.0,0.0,0.0,0.0",88
1VAP,180.0,-90.0,"0.0,1,0.0",-63.269,-38.613,-41.284,"1,0.0,0.0",-0.443,5.368,-4.898,0.869,-0.596,4.546,0.386,-0.657,-0.011,"0.0,0.0,0.0,0.0,0.0,1,0.0","0.0,0.0,0.0,0.0,0.0,0.0,1",95
1TOL,180.0,90.0,"0.0,1,0.0",-136.968,134.612,150.165,"0.0,1,0.0",0.458,0.679,7.863,1.362,0.03,-1.644,-0.049,0.799,0.709,"0.0,1,0.0,0.0,0.0,0.0,0.0","0.0,1,0.0,0.0,0.0,0.0,0.0",155
1F5W,180.0,-90.0,"0.0,1,0.0",-151.41,93.412,139.768,"0.0,0.0,1",-0.442,-0.771,1.486,4.879,0.135,-1.584,-1.288,-0.16,0.772,"0.0,0.0,0.0,0.0,1,0.0,0.0","1,0.0,0.0,0.0,0.0,0.0,0.0",41
2ALP,-60.0,-90.0,"1,0.0,0.0",-147.875,-178.216,146.713,"0.0,1,0.0",-0.094,-0.33,12.83,1.483,0.0,-1.129,-0.921,0.79,1.246,"0.0,0.0,0.0,0.0,0.0,1,0.0","0.0,1,0.0,0.0,0.0,0.0,0.0",42
2ALP,-60.0,90.0,"1,0.0,0.0",-125.544,164.388,152.995,"0.0,1,0.0",0.426,-0.219,8.661,2.447,0.0,-1.425,-3.084,0.492,0.771,"0.0,0.0,0.0,0.0,0.0,1,0.0","1,0.0,0.0,0.0,0.0,0.0,0.0",137
1TPX,180.0,-90.0,"0.0,1,0.0",-63.111,-39.897,-42.605,"0.0,1,0.0",0.001,2.604,-0.468,1.159,-0.131,2.899,3.445,0.013,-0.299,"1,0.0,0.0,0.0,0.0,0.0,0.0","0.0,0.0,0.0,0.0,0.0,1,0.0",182
1QQY,60.0,90.0,"0.0,0.0,1",-141.776,165.169,-31.866,"0.0,0.0,1",1.093,-3.227,5.786,-6.4,-0.906,1.829,-1.086,0.388,0.244,"0.0,0.0,0.0,0.0,0.0,0.0,1","1,0.0,0.0,0.0,0.0,0.0,0.0",65
1QQY,-60.0,90.0,"1,0.0,0.0",-97.682,-0.579,-19.68,"0.0,0.0,1",-0.034,-0.497,-0.799,-4.901,0.681,3.059,-0.058,-0.213,-0.59,"0.0,0.0,0.0,0.0,0.0,1,0.0","0.0,1,0.0,0.0,0.0,0.0,0.0",76
1QQY,180.0,-90.0,"0.0,1,0.0",-64.837,-37.349,-39.439,"1,0.0,0.0",0.059,4.75,1.315,0.679,0.254,4.102,5.331,-0.379,-0.647,"0.0,0.0,0.0,0.0,0.0,1,0.0","0.0,0.0,0.0,0.0,0.0,0.0,1",30
1BR9,-60.0,-90.0,"1,0.0,0.0",-126.219,142.188,134.684,"0.0,0.0,1",0.232,-2.8,-0.149,1.344,-0.209,-0.96,-0.688,0.297,0.316,"0.0,1,0.0,0.0,0.0,0.0,0.0","0.0,1,0.0,0.0,0.0,0.0,0.0",3
1IEE,60.0,90.0,"0.0,0.0,1",-134.529,162.213,-33.924,"0.0,0.0,1",1.255,-2.447,5.634,0.0,-0.926,2.659,-1.502,0.368,0.858,"0.0,0.0,0.0,0.0,0.0,0.0,1","0.0,1,0.0,0.0,0.0,0.0,0.0",64
1IEE,-60.0,90.0,"1,0.0,0.0",-97.138,-2.195,-12.404,"0.0,0.0,1",-0.129,0.349,-0.489,0.0,0.988,3.66,0.472,-0.224,-0.52,"0.0,0.0,0.0,0.0,0.0,1,0.0","0.0,1,0.0,0.0,0.0,0.0,0.0",76
1IEE,180.0,-90.0,"0.0,1,0.0",-58.039,-45.207,-44.657,"1,0.0,0.0",-2.183,5.356,1.751,0.0,-0.502,4.432,3.724,-0.569,-0.635,"0.0,0.0,0.0,0.0,0.0,1,0.0","0.0,0.0,0.0,0.0,0.0,1,0.0",30
2J4T,-60.0,-90.0,"1,0.0,0.0",-69.06,-46.088,-39.753,"1,0.0,0.0",-0.613,4.48,-1.781,-1.93,-0.485,3.157,3.643,-0.582,0.266,"0.0,0.0,0.0,0.0,0.0,0.0,1","0.0,0.0,0.0,0.0,0.0,0.0,0.0",25
2J4T,-60.0,-90.0,"1,0.0,0.0",-83.332,-9.125,-21.769,"1,0.0,0.0",-0.476,-2.22,-2.816,-6.752,-1.096,2.78,-0.582,-0.855,-0.04,"0.0,0.0,0.0,0.0,0.0,1,0.0","1,0.0,0.0,1,0.0,0.0,0.0",56
1IWT,60.0,90.0,"0.0,0.0,1",-140.764,156.064,-36.692,"0.0,0.0,1",1.152,-2.843,4.856,-6.868,-1.074,1.783,-2.002,0.464,0.992,"0.0,0.0,0.0,0.0,0.0,0.0,1","0.0,1,0.0,0.0,0.0,0.0,0.0",65
1IWT,-60.0,90.0,"1,0.0,0.0",-80.838,-4.846,-24.75,"0.0,0.0,1",-0.213,0.476,-1.03,-5.254,1.101,2.953,-0.381,-0.271,-0.6,"0.0,0.0,0.0,0.0,0.0,1,0.0","1,0.0,0.0,0.0,0.0,0.0,0.0",77
1IWT,180.0,-90.0,"0.0,1,0.0",-57.843,-41.319,-49.117,"1,0.0,0.0",-1.762,4.645,3.925,1.659,-0.302,0.09,4.258,0.029,-0.368,"0.0,0.0,0.0,0.0,0.0,0.0,1","0.0,0.0,0.0,0.0,0.0,1,0.0",30
5PTI,-60.0,90.0,"1,0.0,0.0",-87.411,156.37,-5.539,"0.0,0.0,1",0.099,4.969,5.026,2.858,0.235,1.838,0.036,0.205,0.219,"0.0,0.0,0.0,0.0,1,0.0,0.0","1,0.0,0.0,0.0,0.0,0.0,0.0",14
5PTI,-60.0,-90.0,"1,0.0,0.0",-91.314,131.864,158.59,"0.0,1,0.0",1.12,2.14,8.452,0.97,0.002,-3.01,-1.862,0.526,0.571,"0.0,0.0,0.0,0.0,0.0,1,0.0","0.0,1,0.0,0.0,0.0,0.0,0.0",30
5PTI,-60.0,-90.0,"1,0.0,0.0",-68.094,-18.44,-16.497,"1,0.0,0.0",-0.2,2.21,-1.029,3.146,-0.97,1.3,-0.196,0.201,0.282,"0.0,0.0,0.0,0.0,0.0,0.0,1","0.0,0.0,0.0,0.0,0.0,1,0.0",5
1OK3,-60.0,90.0,"1,0.0,0.0",-77.444,167.777,163.639,"0.0,0.0,1",-0.147,5.481,2.331,2.465,0.353,-2.398,-0.619,0.4,0.285,"0.0,1,0.0,0.0,0.0,0.0,0.0","0.0,0.0,0.0,0.0,0.0,0.0,0.0",66
1XAK,60.0,90.0,"0.0,0.0,1",-150.107,161.7,153.119,"0.0,1,0.0",0.386,-2.883,3.352,-1.241,0.618,-1.759,0.092,1.142,0.244,"0.0,0.0,0.0,0.0,0.0,0.0,0.0","0.0,0.0,0.0,0.0,0.0,1,0.0",8
2QYP,180.0,-90.0,"0.0,1,0.0",-59.407,-41.6,-43.695,"1,0.0,0.0",-0.756,6.635,1.569,0.688,-0.195,3.866,3.352,-0.22,-0.301,"0.0,0.0,0.0,0.0,0.0,1,0.0","0.0,0.0,0.0,0.0,0.0,0.0,0.0",8
1M9Z,180.0,90.0,"0.0,1,0.0",-59.392,117.608,1.138,"0.0,0.0,1",-0.181,0.918,-0.146,2.635,0.091,-1.714,-0.891,0.15,0.203,"0.0,1,0.0,0.0,0.0,0.0,0.0","1,0.0,0.0,0.0,0.0,0.0,0.0",38
1M9Z,-60.0,90.0,"1,0.0,0.0",-97.592,2.23,65.595,"0.0,0.0,1",0.291,5.233,-0.712,0.977,0.131,-3.613,3.241,0.755,-0.617,"0.0,0.0,0.0,0.0,0.0,0.0,1","1,0.0,0.0,0.0,0.0,0.0,0.0",31
1M9Z,-60.0,-90.0,"1,0.0,0.0",-135.211,152.742,123.953,"0.0,1,0.0",0.469,-3.391,2.153,0.901,0.608,-0.84,-1.388,0.78,0.682,"0.0,0.0,0.0,0.0,0.0,1,0.0","1,0.0,0.0,0.0,0.0,0.0,0.0",28
1M9Z,-60.0,-90.0,"1,0.0,0.0",-60.468,143.112,119.696,"0.0,0.0,1",0.154,-2.399,-3.663,6.834,0.311,-0.478,2.826,0.381,-0.344,"0.0,0.0,0.0,0.0,0.0,1,0.0","0.0,0.0,0.0,0.0,0.0,0.0,0.0",54
1M9Z,60.0,90.0,"0.0,0.0,1",-168.734,160.538,165.024,"0.0,1,0.0",0.675,-1.113,5.478,-10.002,0.284,-0.8,-1.518,1.18,0.511,"0.0,1,0.0,0.0,0.0,0.0,0.0","0.0,1,0.0,0.0,0.0,0.0,0.0",115
2GMF,-60.0,-90.0,"1,0.0,0.0",55.77,33.213,153.954,"0.0,0.0,1",-0.171,-0.46,1.486,2.654,-0.01,-0.755,2.067,0.052,-0.234,"0.0,1,0.0,0.0,0.0,0.0,0.0","0.0,0.0,0.0,0.0,0.0,1,0.0",54
1KCQ,-60.0,90.0,"1,0.0,0.0",-113.14,154.53,-176.957,"0.0,1,0.0",1.363,1.878,8.454,-4.262,-0.49,-1.116,-0.991,0.873,0.859,"1,0.0,0.0,0.0,0.0,0.0,0.0","0.0,0.0,0.0,0.0,0.0,0.0,1",188
1BYF,-60.0,90.0,"1,0.0,0.0",-117.263,155.108,135.403,"0.0,1,0.0",0.091,1.341,6.45,3.006,0.0,-1.467,-0.794,0.865,0.869,"0.0,0.0,0.0,0.0,0.0,1,0.0","0.0,0.0,0.0,0.0,0.0,1,0.0",96
1DQE,-60.0,-90.0,"1,0.0,0.0",-61.877,-34.809,-47.235,"1,0.0,0.0",-0.443,3.868,0.796,-0.219,0.039,2.943,3.764,-0.244,-0.617,"0.0,0.0,0.0,0.0,0.0,0.0,0.0","1,0.0,0.0,0.0,0.0,0.0,0.0",19
1DQE,-60.0,-90.0,"1,0.0,0.0",-73.551,-27.31,-42.078,"1,0.0,0.0",0.264,0.781,-2.201,3.949,0.259,2.264,2.877,0.021,-0.241,"1,0.0,0.0,1,0.0,0.0,0.0","0.0,0.0,0.0,0.0,0.0,0.0,0.0",97
2D1Z,-60.0,90.0,"1,0.0,0.0",-95.14,151.371,158.541,"0.0,1,0.0",0.922,4.289,2.604,1.221,0.45,-0.22,1.026,0.396,0.067,"1,0.0,0.0,0.0,0.0,0.0,0.0","0.0,0.0,0.0,0.0,0.0,1,0.0",323
2D1Z,-60.0,90.0,"1,0.0,0.0",-121.686,142.195,146.856,"0.0,1,0.0",0.755,3.497,1.002,1.608,0.888,-2.928,1.226,0.744,0.287,"1,0.0,0.0,0.0,0.0,0.0,0.0","0.0,0.0,0.0,0.0,0.0,1,0.0",365
2D1Z,-60.0,90.0,"1,0.0,0.0",-90.806,149.407,156.156,"0.0,1,0.0",0.741,4.847,2.409,0.695,-0.23,-1.65,1.326,0.365,0.047,"0.0,0.0,0.0,0.0,0.0,1,0.0","0.0,0.0,0.0,0.0,0.0,1,0.0",406
2FD9,180.0,-90.0,"0.0,1,0.0",-63.345,-38.611,-41.083,"1,0.0,0.0",-0.653,3.242,-2.6,-0.831,-0.302,4.372,0.29,-0.381,-0.355,"0.0,0.0,0.0,0.0,0.0,1,0.0","1,0.0,0.0,0.0,0.0,0.0,0.0",16
2FD9,-60.0,90.0,"1,0.0,0.0",-118.732,136.644,124.433,"0.0,0.0,1",0.732,-0.799,5.132,3.674,0.668,-1.865,1.619,0.257,-0.014,"0.0,0.0,1,0.0,0.0,0.0,0.0","0.0,0.0,0.0,0.0,1,0.0,0.0",4
2FD9,-60.0,-90.0,"1,0.0,0.0",-120.957,124.433,129.511,"0.0,1,0.0",0.257,-1.865,0.962,6.253,0.708,-0.613,-0.799,0.842,0.732,"0.0,1,0.0,0.0,0.0,0.0,0.0","0.0,0.0,1,0.0,0.0,0.0,0.0",3
3BPO,-60.0,90.0,"1,0.0,0.0",-70.242,-44.891,-11.488,"0.0,0.0,1",-0.163,1.75,-0.231,-3.476,0.26,4.537,3.204,-0.475,-0.185,"0.0,0.0,0.0,0.0,0.0,0.0,1","0.0,0.0,0.0,0.0,0.0,1,0.0",45
1ZLH,-60.0,90.0,"1,0.0,0.0",-67.218,-59.118,178.712,"0.0,0.0,1",-0.694,3.515,-2.144,-0.317,-0.233,0.931,2.639,0.078,0.11,"1,0.0,0.0,1,0.0,0.0,0.0","1,0.0,0.0,0.0,0.0,0.0,0.0",138
1NCO,-60.0,90.0,"1,0.0,0.0",-146.166,162.454,135.88,"0.0,1,0.0",0.964,0.424,12.549,4.501,0.553,-2.359,-0.767,1.013,0.572,"0.0,1,0.0,0.0,0.0,0.0,0.0","0.0,0.0,0.0,0.0,0.0,1,0.0",37
1NCO,-60.0,-90.0,"1,0.0,0.0",-70.317,-7.027,109.722,"0.0,0.0,1",0.257,0.014,-1.763,3.665,0.868,-2.101,2.215,0.166,0.132,"1,0.0,0.0,0.0,0.0,0.0,0.0","0.0,1,0.0,0.0,0.0,0.0,0.0",88
1Y62,-60.0,-90.0,"1,0.0,0.0",-84.21,112.239,151.701,"0.0,1,0.0",0.588,1.436,3.806,3.588,0.423,-1.719,-1.664,0.355,0.527,"0.0,1,0.0,0.0,0.0,0.0,0.0","0.0,0.0,0.0,0.0,0.0,1,0.0",32
1Z40,180.0,90.0,"0.0,1,0.0",-57.4,-52.285,-42.563,"1,0.0,0.0",-0.014,-0.443,-1.247,-0.715,-0.881,2.292,0.0,0.192,-0.386,"0.0,0.0,0.0,0.0,0.0,0.0,0.0","0.0,1,0.0,0.0,0.0,0.0,0.0",337
1Z40,180.0,90.0,"0.0,1,0.0",-86.113,110.637,144.847,"0.0,1,0.0",0.262,-1.3,-1.157,3.824,0.36,-2.098,-2.173,-0.194,0.14,"0.0,1,0.0,0.0,0.0,0.0,0.0","0.0,0.0,0.0,0.0,0.0,0.0,0.0",320
1UUH,180.0,-90.0,"0.0,1,0.0",-122.31,29.512,175.93,"0.0,0.0,1",0.249,-0.022,6.818,-0.292,0.412,-3.451,-3.23,0.162,0.499,"0.0,1,0.0,0.0,0.0,0.0,0.0","1,0.0,0.0,0.0,0.0,0.0,0.0",77
1UUH,-60.0,-90.0,"1,0.0,0.0",-59.623,-44.053,-46.992,"1,0.0,0.0",0.007,0.733,-7.802,-3.272,0.186,2.89,4.003,-0.638,0.159,"0.0,0.0,0.0,0.0,0.0,1,0.0","1,0.0,0.0,0.0,0.0,0.0,0.0",53
1KNL,-60.0,90.0,"1,0.0,0.0",-99.923,151.229,157.449,"0.0,1,0.0",0.756,4.824,2.699,0.868,0.507,0.119,1.326,0.35,-0.057,"1,0.0,0.0,0.0,0.0,0.0,0.0","0.0,0.0,0.0,0.0,0.0,1,0.0",16
1KNL,-60.0,90.0,"1,0.0,0.0",-107.695,141.257,140.453,"0.0,1,0.0",0.656,4.245,1.184,1.776,0.83,-2.726,1.844,0.675,0.02,"1,0.0,0.0,0.0,0.0,0.0,0.0","0.0,0.0,0.0,0.0,0.0,1,0.0",58
1KNL,-60.0,90.0,"1,0.0,0.0",-91.422,143.633,159.188,"0.0,1,0.0",0.78,4.999,2.622,0.494,-0.068,-1.225,1.559,0.285,-0.064,"0.0,0.0,0.0,0.0,0.0,1,0.0","0.0,0.0,0.0,0.0,0.0,1,0.0",99
1B88,180.0,-90.0,"0.0,1,0.0",-144.461,146.2,159.292,"0.0,1,0.0",0.755,-1.161,2.803,5.86,1.025,0.47,-0.823,0.985,0.948,"0.0,1,0.0,0.0,0.0,0.0,0.0","0.0,1,0.0,0.0,0.0,0.0,0.0",23
2Z3Q,-60.0,-90.0,"1,0.0,0.0",-67.107,143.086,133.385,"0.0,1,0.0",0.366,-0.228,-3.391,5.901,0.67,-2.116,-0.648,0.394,0.073,"0.0,0.0,0.0,0.0,0.0,1,0.0","0.0,1,0.0,0.0,0.0,0.0,0.0",35
1N0S,-60.0,-90.0,"1,0.0,0.0",-60.733,143.467,164.202,"0.0,0.0,1",-1.361,1.491,1.287,1.229,0.083,-0.291,-0.688,-0.184,-0.16,"0.0,0.0,0.0,0.0,0.0,1,0.0","0.0,0.0,0.0,0.0,1,0.0,0.0",8
3EZM,-60.0,90.0,"1,0.0,0.0",-134.534,167.521,26.485,"0.0,1,0.0",1.245,0.761,9.148,-1.652,0.0,-1.795,-1.647,0.464,0.379,"0.0,1,0.0,0.0,0.0,0.0,0.0","0.0,0.0,0.0,0.0,0.0,0.0,1",8
3EZM,-60.0,90.0,"1,0.0,0.0",-124.367,151.809,2.692,"0.0,1,0.0",1.461,0.706,9.165,-3.167,0.0,-2.292,-2.253,0.39,0.65,"0.0,1,0.0,0.0,0.0,0.0,0.0","1,0.0,0.0,0.0,0.0,0.0,0.0",58
1TN3,-60.0,-90.0,"1,0.0,0.0",-60.717,-50.868,-42.875,"1,0.0,0.0",-0.396,0.527,-7.133,-3.115,0.093,3.53,3.867,-0.246,0.061,"1,0.0,0.0,0.0,0.0,0.0,0.0","0.0,0.0,0.0,0.0,0.0,1,0.0",77
2E3W,-60.0,-90.0,"1,0.0,0.0",-64.736,-44.206,-50.866,"1,0.0,0.0",-0.692,5.51,-1.229,-3.726,-0.596,3.578,3.068,-0.377,-0.196,"0.0,0.0,0.0,0.0,0.0,0.0,1","0.0,1,0.0,0.0,0.0,0.0,0.0",26
1M8N,-60.0,90.0,"1,0.0,0.0",-126.643,160.52,54.195,"0.0,0.0,1",0.521,-1.216,8.068,-4.908,-0.533,-1.019,-0.357,-0.313,0.516,"0.0,1,0.0,0.0,0.0,0.0,0.0","0.0,1,0.0,0.0,0.0,0.0,0.0",98
1M8N,180.0,90.0,"0.0,1,0.0",-65.035,136.936,25.943,"0.0,1,0.0",0.497,-1.536,-1.757,-1.137,-1.373,0.991,-2.266,0.056,1.077,"1,0.0,0.0,1,0.0,0.0,0.0","0.0,1,0.0,0.0,0.0,0.0,0.0",93
2VPF,180.0,90.0,"0.0,1,0.0",-31.993,115.523,138.498,"0.0,0.0,1",0.116,-0.069,-3.07,9.386,0.0,1.496,0.752,-0.323,0.281,"0.0,0.0,0.0,0.0,0.0,0.0,1","1,0.0,0.0,0.0,0.0,0.0,0.0",26
2VPF,-60.0,-90.0,"1,0.0,0.0",-56.789,139.208,147.318,"0.0,1,0.0",-0.316,1.427,-1.235,7.462,0.0,-4.231,-0.661,0.249,0.063,"1,0.0,0.0,0.0,0.0,0.0,0.0","1,0.0,0.0,1,0.0,0.0,0.0",57
2VPF,-60.0,-90.0,"1,0.0,0.0",-101.503,-6.611,163.029,"0.0,0.0,1",-0.064,-1.802,4.252,-1.802,0.0,-3.367,2.018,0.606,-0.032,"0.0,0.0,1,0.0,0.0,0.0,0.0","0.0,1,0.0,0.0,0.0,0.0,0.0",61
1I1J,-60.0,90.0,"1,0.0,0.0",-132.612,175.514,132.442,"0.0,1,0.0",0.44,-2.481,9.579,1.307,0.0,-1.852,1.513,0.925,0.2,"0.0,0.0,0.0,0.0,0.0,1,0.0","0.0,0.0,0.0,0.0,0.0,1,0.0",12
1EPF,180.0,-90.0,"0.0,1,0.0",-92.25,115.289,119.573,"0.0,1,0.0",0.589,-2.424,0.338,9.513,1.353,-0.673,-1.976,0.799,0.593,"0.0,0.0,0.0,0.0,0.0,1,0.0","0.0,1,0.0,0.0,0.0,0.0,0.0",22
1OB1,180.0,-90.0,"0.0,1,0.0",-74.698,152.842,-1.767,"0.0,0.0,1",-0.223,-2.708,-4.163,-0.636,-0.439,-0.692,1.759,-0.009,-0.668,"1,0.0,0.0,1,0.0,0.0,0.0","1,0.0,0.0,0.0,0.0,0.0,0.0",133
1UV0,-60.0,90.0,"1,0.0,0.0",-132.573,160.406,16.022,"0.0,1,0.0",0.454,3.483,6.633,0.812,0.224,-1.474,-0.911,0.388,1.371,"1,0.0,0.0,0.0,0.0,0.0,0.0","0.0,0.0,0.0,0.0,0.0,1,0.0",120
1UV0,-60.0,-90.0,"1,0.0,0.0",-63.216,-33.504,-41.849,"1,0.0,0.0",-0.366,-1.139,-6.571,0.997,0.165,2.454,1.173,-0.528,-0.189,"0.0,0.0,0.0,0.0,0.0,1,0.0","0.0,1,0.0,0.0,0.0,0.0,0.0",42
3RN3,-60.0,90.0,"1,0.0,0.0",-72.791,161.999,141.635,"0.0,0.0,1",-0.046,-3.857,0.446,3.221,0.381,-0.286,3.246,-0.041,-0.271,"0.0,0.0,0.0,0.0,0.0,1,0.0","1,0.0,0.0,0.0,0.0,0.0,0.0",65
3RN3,-60.0,-90.0,"1,0.0,0.0",-61.619,-46.381,-51.973,"1,0.0,0.0",-0.652,5.41,-0.576,-3.334,-0.586,3.478,2.868,-0.387,-0.156,"0.0,0.0,0.0,0.0,0.0,0.0,1","0.0,1,0.0,0.0,0.0,0.0,0.0",26
3RN3,-60.0,-90.0,"1,0.0,0.0",-82.378,110.388,168.348,"0.0,0.0,1",0.12,-3.349,-3.799,-0.181,0.708,-2.079,0.654,-0.719,0.182,"1,0.0,0.0,0.0,0.0,0.0,0.0","1,0.0,0.0,0.0,0.0,0.0,0.0",40
1VAP,60.0,-90.0,"0.0,0.0,1",-165.65,169.01,7.506,"0.0,0.0,1",0.261,1.231,-4.168,-4.485,-0.722,0.534,-1.375,0.064,0.495,"1,0.0,0.0,1,0.0,0.0,0.0","0.0,1,0.0,0.0,0.0,0.0,0.0",57
1VAP,-60.0,-90.0,"1,0.0,0.0",-92.381,111.102,128.871,"0.0,1,0.0",0.256,0.492,-0.008,8.222,0.559,-0.699,-0.521,0.15,0.244,"0.0,0.0,0.0,0.0,0.0,1,0.0","1,0.0,0.0,1,0.0,0.0,0.0",75
1VAP,180.0,-90.0,"0.0,1,0.0",-58.193,-47.367,-43.185,"1,0.0,0.0",-0.627,6.001,-3.968,3.63,0.13,2.294,0.679,-0.373,-0.17,"0.0,0.0,1,0.0,0.0,0.0,0.0","0.0,0.0,0.0,0.0,0.0,0.0,1",50
1VAP,-60.0,-90.0,"1,0.0,0.0",-56.831,-43.546,-33.886,"1,0.0,0.0",-0.341,1.513,-3.39,1.468,0.138,4.421,3.634,-0.303,-0.525,"1,0.0,0.0,0.0,0.0,0.0,0.0","0.0,0.0,1,0.0,0.0,0.0,0.0",43
