PDB,cys1,cys2,prediction0,probability0,prediction1,probability1,prediction2,probability2,prediction3,probability3,prediction4,probability4,prediction5,probability5,prediction6,probability6,prediction7,probability7,prediction8,probability8,prediction
geodia,23,5,0.0,0.644915163517,0.0,0.601906120777,1.0,0.665888428688,1.0,0.913574635983,0.0,0.798734068871,1.0,0.895985305309,1.0,0.890673518181,1.0,0.971028983593,1.0,0.952926278114,1.0
geodia,18,7,1.0,0.979836285114,1.0,0.848180413246,1.0,0.994858562946,1.0,0.957575380802,1.0,0.950656294823,1.0,0.944997787476,1.0,0.976766586304,1.0,0.891476869583,1.0,0.929361760616,1.0
2n9t,25,21,0.0,0.950239002705,0.0,0.998825371265,0.0,0.984482467175,0.0,0.902761280537,0.0,0.981162726879,0.0,0.944817721844,0.0,0.987425625324,0.0,0.941062688828,0.0,0.818487823009,0.0
2n9t,25,16,0.0,0.849611699581,0.0,0.787057161331,1.0,0.639736831188,0.0,0.874957621098,0.0,0.838087201118,0.0,0.682124555111,0.0,0.587839007378,0.0,0.74920386076,1.0,0.541908442974,0.0
2n9t,25,9,0.0,0.763657689095,0.0,0.71409457922,0.0,0.781693696976,0.0,0.862345218658,0.0,0.646307587624,0.0,0.855537354946,0.0,0.780049324036,0.0,0.764579296112,0.0,0.765348494053,0.0
2n9t,21,16,0.0,0.526070356369,1.0,0.595994532108,0.0,0.921392977238,0.0,0.622194290161,0.0,0.511057496071,0.0,0.710948526859,0.0,0.862979710102,0.0,0.64143717289,0.0,0.894673764706,0.0
2n9t,21,9,0.0,0.767674267292,1.0,0.660522639751,0.0,0.626782596111,1.0,0.767189204693,0.0,0.645158410072,0.0,0.638109624386,1.0,0.888196051121,1.0,0.516910851002,1.0,0.897440314293,1.0
2n9t,16,9,0.0,0.874408066273,1.0,0.770077347755,0.0,0.612394928932,0.0,0.866005837917,1.0,0.701190769672,0.0,0.715912699699,1.0,0.895781338215,0.0,0.704968869686,1.0,0.717752695084,0.0
2n9t,15,2,0.0,0.67556989193,0.0,0.615444779396,0.0,0.835212290287,0.0,0.719582021236,0.0,0.889069676399,0.0,0.916012048721,0.0,0.933404326439,0.0,0.832659780979,0.0,0.864219903946,0.0
2n8e,26,16,0.0,0.663933694363,1.0,0.920306921005,0.0,0.898847520351,0.0,0.615543246269,1.0,0.574736475945,1.0,0.933675825596,0.0,0.5562748909,0.0,0.507507324219,1.0,0.82362562418,0.0
2n8e,26,15,0.0,0.761799931526,1.0,0.564009130001,1.0,0.737316071987,1.0,0.623591244221,1.0,0.704155981541,0.0,0.732159554958,0.0,0.526344656944,1.0,0.662824332714,0.0,0.532098352909,1.0
2n8e,20,8,1.0,0.905977427959,1.0,0.868059098721,1.0,0.726437151432,1.0,0.70375007391,1.0,0.763963580132,1.0,0.985351979733,1.0,0.970347821712,1.0,0.632246017456,1.0,0.707333087921,1.0
2n8e,16,15,0.0,0.749962747097,0.0,0.763214409351,0.0,0.634207546711,0.0,0.907890558243,0.0,0.526414394379,1.0,0.67163169384,0.0,0.989690124989,0.0,0.661906003952,0.0,0.799205303192,0.0
2mfa,55,50,1.0,0.827477991581,1.0,0.718668758869,1.0,0.969340622425,1.0,0.573509395123,1.0,0.891896486282,0.0,0.764476060867,1.0,0.900898635387,0.0,0.71707046032,1.0,0.84777367115,1.0
2mfa,55,41,1.0,0.53328192234,0.0,0.986029982567,0.0,0.971366643906,0.0,0.985782325268,0.0,0.87943571806,0.0,0.712732851505,0.0,0.972683429718,0.0,0.922531545162,0.0,0.809567630291,0.0
2mfa,55,19,0.0,0.96122777462,0.0,0.993745028973,0.0,0.953865766525,0.0,0.767839193344,0.0,0.928729116917,0.0,0.911177992821,0.0,0.996529817581,0.0,0.983689308167,0.0,0.982590615749,0.0
2mfa,55,3,0.0,0.579088687897,1.0,0.923236191273,1.0,0.784852862358,0.0,0.699106931686,0.0,0.518368959427,0.0,0.869445919991,1.0,0.505281925201,0.0,0.818837285042,1.0,0.587628602982,0.0
2mfa,50,41,0.0,0.992704570293,0.0,0.862545073032,0.0,0.927507698536,1.0,0.755717337132,0.0,0.954397916794,0.0,0.905925035477,0.0,0.773672521114,0.0,0.944633543491,0.0,0.967356264591,0.0
2mfa,50,19,0.0,0.819754362106,0.0,0.921404778957,0.0,0.911430716515,0.0,0.934605300426,0.0,0.900413811207,0.0,0.63242483139,0.0,0.93424975872,0.0,0.884271264076,0.0,0.940429151058,0.0
2mfa,50,3,0.0,0.809067189693,0.0,0.805429518223,0.0,0.759029209614,0.0,0.758663237095,0.0,0.94471091032,0.0,0.896269977093,0.0,0.809827506542,0.0,0.828062236309,0.0,0.960593283176,0.0
2mfa,41,19,0.0,0.822429418564,0.0,0.551493406296,0.0,0.856245279312,0.0,0.527875006199,0.0,0.91008234024,0.0,0.846302211285,1.0,0.590505123138,0.0,0.921441555023,0.0,0.805579721928,0.0
2mfa,41,3,0.0,0.914037168026,1.0,0.819850504398,0.0,0.929534912109,0.0,0.849702596664,0.0,0.864841163158,0.0,0.651912391186,0.0,0.811562418938,0.0,0.889544010162,0.0,0.861255288124,0.0
2mfa,19,3,1.0,0.595896244049,1.0,0.939722299576,1.0,0.622318089008,1.0,0.965589880943,1.0,0.67225342989,1.0,0.914338648319,1.0,0.924552023411,1.0,0.97770857811,1.0,0.838721990585,1.0
2lye,16,14,1.0,0.819123089314,1.0,0.992542147636,1.0,0.97060573101,1.0,0.608505785465,1.0,0.817975878716,1.0,0.875478923321,1.0,0.983478605747,1.0,0.896228373051,1.0,0.848086118698,1.0
2lye,16,7,1.0,0.952163994312,1.0,0.983564853668,1.0,0.993243515491,1.0,0.827334821224,1.0,0.578108787537,1.0,0.882619917393,1.0,0.994267761707,1.0,0.955482721329,1.0,0.954937040806,1.0
2lye,16,5,1.0,0.873091101646,1.0,0.978594601154,1.0,0.993477344513,1.0,0.853210091591,1.0,0.562603414059,1.0,0.92262250185,1.0,0.95402687788,1.0,0.932847499847,1.0,0.933273255825,1.0
2lye,14,7,1.0,0.952831149101,1.0,0.988219559193,1.0,0.993233442307,1.0,0.831160843372,1.0,0.836202144623,1.0,0.957589328289,1.0,0.989643871784,1.0,0.978150486946,1.0,0.986678361893,1.0
2lye,14,5,1.0,0.840367078781,1.0,0.988381922245,1.0,0.990864813328,1.0,0.846794843674,1.0,0.727773010731,1.0,0.965977013111,1.0,0.978380441666,1.0,0.959930062294,1.0,0.978536188602,1.0
2lye,12,3,0.0,0.914979577065,0.0,0.989414334297,0.0,0.963459312916,0.0,0.900905489922,0.0,0.623822152615,0.0,0.88773983717,0.0,0.942808687687,0.0,0.64022654295,0.0,0.679947793484,0.0
2lye,7,5,1.0,0.819123089314,1.0,0.992542147636,1.0,0.97060573101,1.0,0.608505785465,1.0,0.817975878716,1.0,0.875478923321,1.0,0.983478605747,1.0,0.896228373051,1.0,0.848086118698,1.0
G117,31,20,1.0,0.537934660912,1.0,0.624433040619,0.0,0.548874855042,0.0,0.571937680244,0.0,0.536280870438,1.0,0.592709779739,0.0,0.603365898132,1.0,0.602898001671,0.0,0.850921869278,0.0
G117,24,19,0.0,0.512091338634,0.0,0.60229319334,1.0,0.528202593327,1.0,0.84108453989,1.0,0.962606608868,0.0,0.676441431046,0.0,0.844206511974,0.0,0.631325960159,0.0,0.717414557934,0.0
G117,24,15,0.0,0.840919733047,0.0,0.739370763302,1.0,0.817094683647,0.0,0.686190962791,0.0,0.805265963078,0.0,0.869798541069,0.0,0.87255358696,0.0,0.556015372276,0.0,0.766499578953,0.0
G117,24,14,1.0,0.837547779083,0.0,0.812215983868,1.0,0.504301905632,1.0,0.746887266636,1.0,0.947768568993,1.0,0.613942742348,1.0,0.713855803013,1.0,0.51621735096,0.0,0.703773200512,1.0
G117,24,8,0.0,0.618693768978,0.0,0.869358420372,0.0,0.774460315704,0.0,0.881368637085,1.0,0.752778053284,0.0,0.764857709408,0.0,0.882164299488,0.0,0.584525465965,0.0,0.869045734406,0.0
G117,19,15,0.0,0.932201147079,0.0,0.875678837299,1.0,0.59490275383,0.0,0.546264410019,0.0,0.840940594673,0.0,0.94408428669,0.0,0.813744008541,0.0,0.721939027309,0.0,0.833973884583,0.0
G117,19,14,1.0,0.93361133337,0.0,0.874453365803,0.0,0.560054302216,1.0,0.835702061653,1.0,0.944224476814,0.0,0.519152522087,0.0,0.635100901127,0.0,0.905094206333,0.0,0.882134497166,0.0
G117,19,8,0.0,0.751906752586,0.0,0.933115243912,0.0,0.795276165009,0.0,0.983283281326,0.0,0.767948925495,0.0,0.969811916351,0.0,0.980801701546,0.0,0.538235664368,0.0,0.977610707283,0.0
G117,15,14,0.0,0.867099046707,0.0,0.802782654762,0.0,0.905500948429,0.0,0.683240950108,0.0,0.734652101994,0.0,0.948355972767,0.0,0.994284808636,0.0,0.821885049343,1.0,0.740234196186,0.0
G117,15,8,1.0,0.543731927872,0.0,0.599647879601,0.0,0.549796998501,0.0,0.827334463596,0.0,0.846745789051,0.0,0.890945732594,0.0,0.849660038948,0.0,0.733754754066,0.0,0.748709857464,0.0
G117,14,8,0.0,0.814621388912,0.0,0.707942247391,0.0,0.854456245899,0.0,0.951821088791,0.0,0.826573431492,0.0,0.983327865601,0.0,0.959199428558,1.0,0.522731304169,0.0,0.97915995121,0.0
